ID,name,level,type,Stime,Range,Ref,mov,TimeC,save,target,description,highlevel,WIZ,WAR,CRE,SOR,DOR,BRD,PRD,REN
11,アシッド・スプラッシュ,0,初級・召喚術,60ft,瞬間,PHB214,音声・動作,瞬間,[敏捷力]・無効,複数・2体が5ft以内,酸のあぶくを投げつける。1d6[死霊] lv5で2d6・lv11で3d6・lv17で4d6,,Y,,,Y,,,,
31,ヴィシャス・モッカリィ,0,初級・心術,1act,60ft,PHB219,音声,瞬間,[判断力]・無効,単体,心術により罵詈雑言を吐く。1d4[精神]と次ターン終了まで1回の攻撃ロールに不利。lv5で2d4・lv11で3d4・lv17で4d4,,,,,,,Y,,
48,エルドリッチ・ブラスト,0,初級・力術,1act,120ft,PHB224,音声・動作,瞬間,,単体,エネルギー光線を放つ。遠隔呪文攻撃で1d10[力場]。lv5で2本・lv11で3本・lv17で4本。別々で狙ってもいいが1本ごとに別々の攻撃ロールをする事。,,,Y,,,,,,
66,ガイダンス,0,初級・占術,1act,接触,PHB229,音声・動作,精神集中・最大1分,,単体,能力値判定に1d4＋できる。,,,,Y,,Y,,,
139,シャレイリ,0,初級・変成術,1Bact,接触,PHB244,音声・動作・物質,１分,,武器,武器攻撃の攻撃ロールとダメージロールを呪文発動能力値を用いることができ、ダメージを1d8にする。,,,,,,Y,,,
141,ショッキング・クラスプ,0,初級・力術,1act,接触,PHB244,音声・動作,瞬間,,単体,手から電撃を放つ。1d8[電撃]とリアクション不可。金属鎧だと有利を得る。,"lv5で2d8,lv11で3d8,lv17で4d8",Y,,,Y,,,,
158,スペア・ザ・ダイイング,0,死霊術,1act,接触,PHB248,音声・動作,,,単体,HPが０のクリーチャーに対して、容態安定化する。アンデットや人造系には効かない。,,,,Y,,,,,
162,セイクリッド・フレイム,0,初級・力術,1act,60ft,PHB248,音声・動作,瞬間,[敏捷力]・無効,単体,天から炎のような輝きが降り注ぐ。1d8[光輝],"lv5で2d8,lv11で3d8,lv17で4d8",,,Y,,,,,
164,ソーマタージー,0,初級・変成術,1act,30ft,PHB249,音声,最大1分,,,小さな不思議・超常現象を発生させる。声を3倍にしたり、一瞬の音などを3つまで稼働できる。危害を加えるのは難しいかもしれない。,,,,Y,,,,,
165,ソーン・ウィップ,0,初級・変成術,1act,30ft,PHB249,音声・動作・物質,,,単体,棘に覆われた長い鞭を作る。近接呪文攻撃でヒットした場合1d6[刺突]と大型以下なら10ft引き寄せ,"lv5で2d6,lv11で3d6,lv17で4d6",,,,,Y,,,
171,ダンシング・ライツ,0,初級・力術,1act,120ft,PHB250,音声・動作・物質,精神集中・最大１分,,,４つまでのたいまつほどの大きさの明かりを作り出す。お互いが20ft以内にいて60ftまでBactで移動可能。合体も可能。,,Y,,,Y,,Y,,
175,チル・タッチ,0,初級・死霊術,1act,120ft,PHB250,音声・動作,１ラウンド,,単体,幽霊じみた骸骨の手を作り出す。１回の遠隔呪文攻撃で1d8[死霊]と次ターンまでHP回復不可。,,Y,Y,,Y,,,,
202,トゥルー・ストライク,0,初級・占術,1act,30ft,PHB257,動作,精神集中・最大１ラウンド,,単体,射程内の目標に対して防御に関する瞬間的な洞察をもたらす。君は次ターンにおいて１回の攻撃ロールに有利を得る。,,Y,Y,,Y,,Y,,
210,ドルイトクラフト,0,初級・変成術,1act,30ft,PHB259,音声・動作,瞬間,,,大自然の精霊にささやきかけ、いずれかの効果を作る。1つの植物を咲かせる。24時間の天気を予測する。そよ風などを起こす。たいまつ1本の火をつけたり消したり。,,,,,,Y,,,
242,ファイアー・ボルト,0,初級・力術,1act,120ft,PHB266,音声・動作,瞬間,,単体,火の粒を投げつける。遠隔呪文攻撃で1d10[火],5で2d10、11で3d10、17で4d10,Y,,,Y,,,,
281,ブレード・ウォード,0,初級・防御術,1act,自身,PHB275,音声・動作,1ラウンド,,,君は片手を伸ばし、守りの印形を宙に描く。次ターンまで武器攻撃による物理攻撃に抵抗を得る。,,Y,Y,,Y,,Y,,
284,プレスティディジテイション,0,変成術,1act,10ft,PHB275,音声・動作,最大1時間,,,簡単な手品をする。音を鳴らしたりきれいにしたりもを出したりとＤＭとの交渉次第。3つまで同時に発動可能,,Y,Y,,Y,,Y,,
286,フレンズ,0,初級・心術,1act,自身,PHB275,音声・動作・物質,精神集中・最大1分,,単体,敵対的じゃない1体のクリーチャーに対して[魅力]判定に有利を得る。呪文終了時にバレる。,,Y,Y,,Y,,Y,,
292,プロデュース・フレイム,0,初級・召喚術,1act,自身,PHB276,音声・動作,10分,,,ゆらゆら燃える炎が手の中に現れる。アクションで解除可能で、攻撃に使うと30ftまで投げつけられ、1回の遠隔呪文攻撃として1d8[火]。,5で2d8、11で3d8、17で4d8,,,,,Y,,,
298,ポイズン・スプレー,0,初級・召喚術,1act,10ft,PHB277,音声・動作,瞬間,[耐久力]・無効,単体,自分の手から毒ガスを放つ。1d12[毒],,Y,Y,,Y,Y,,,
303,マイナー・イリュージョン,0,初級・幻術,1act,30ft,PHB278,音声・物質,1分,,,一種類の音か映像のうちどちらかを作る、actで解除可能。サイズは5ft立方体以下でならず、actで[知力][捜査]で識別される。,,Y,Y,,Y,,Y,,
322,メイジ・ハンド,0,初級・召喚術,1act,30ft,PHB282,音声・動作,1分,,,幽霊のような浮遊する手が召喚される。この手は君から30ft離れたら消えるが、アクションとして手を動かして操作したりできる。,,Y,Y,,Y,,Y,,
325,メッセージ,0,初級・変成術,1act,120ft,PHB282,音声・動作・物質,1ラウンド,,単体,小声でメッセージを話す。目標をよく知っているかつ壁一枚なら余裕て通信できるが、魔法やらで完全に遮断されてると無理。,,Y,,,Y,,Y,,
328,メンディング,0,初級・変成術,1分,接触,PHB283,音声・動作・物質,瞬間,,物体単体,物体1つを直す。1ftの傷ならばあとは残らない。魔力は直せない。,,Y,,Y,Y,Y,Y,,
334,ライト,0,力術,1act,接触,PHB285,音声・物質,1時間,[敏捷力]・無効,単体,10ft立方体に収まる物に光を付与する。20ftまで明るい明るさにする。40ftまでは薄暗いになり、actで終了可能。敵にもくっつけられる,,Y,,Y,Y,,Y,,
347,レイ・オヴ・フロスト,0,初級・力術,1act,60ft,PHB287,音声・動作・物質,瞬間,,単体,青白い冷気エネルギーのビームを射程内のクリーチャーに放つ。遠隔呪文攻撃を行い、ヒットすると1d8[冷気]を与え移動速度を10ft減少,5で3d8、11で3d8、17で4d8,Y,,,Y,,,,
353,レジスタンス,0,初級・防御術,1act,接触,PHB288,音声・動作・物質,精神集中・最大1分,,単体,同意した対象を呪文終了まで1回、セーヴに対し1d4を追加できる。どのタイミングで追加してもいいがロールした時点で呪文終了。,,,,Y,,Y,,,
5,アーマー・オヴ・アガテュス,1,防御術,1act,自身,PHB212,音声・動作・物質,最大1時間,,,魔法の冷気で装備を覆う。一時的HP5を得て、近接攻撃を食らったら5[冷気]を与える,1ごとに一時的HPとダメージを5ずつ増加。,,Y,,,,,,
6,アームズ・オヴ・ハダル,1,召喚術,1act,自身,PHB213,音声・動作,瞬間,[筋力]・半減,半径10ft・クリーチャー,触手状の闇エネルギーで攻撃。2d6[死霊]。セーヴ失敗で次ターンまでリアクション不可,1ごとに1d6ダメージ,,Y,,,,,,
8,アイデンティファイ,1,占術・儀式,1分,接触,PHB213,音声・動作・物質,瞬間,,物体,魔法のアイテムの特性や使い方、すべてわかる。,,Y,,,,,Y,,
14,アニマル・フレンドシップ,1,心術,1act,30ft,PHB214,音声・動作・物質,24時間,[判断力]・無効,単体・野獣,知力4以下の野獣を魅了させる。危害与えたら解除。,1ごとに対象を1体追加,,,,,Y,Y,,Y
18,アラーム,1,防御術・儀式,1分,30ft,PHB216,音声・動作・物質,8時間,,単体・物体,警報設置・1.5km以内の術者に鋭い警報を発する。本文参照,,Y,,,,,,,Y
19,アンシーン・サーヴァント,1,召喚術・儀式,1act,60ft,PHB216,音声・動作・物質,1時間,,,攻撃しない単純作業をする従者を召喚。納得ならんなら本文参照,,Y,Y,,,,Y,,
23,イリューソリィ・スクリプト,1,幻術・儀式,1分,接触,PHB217,動作・物質,10日,,筆記に適したもの,任意のクリーチャーだけが意図を読み取れる文が作れる。,,Y,Y,,,,Y,,
27,インフリクト・ウーンズ,1,死霊術,1act,接触,PHB218,音声・動作,瞬間,,単体・間合い,近接呪文攻撃、ヒットで3d10[死霊],1ごとに1d10,,,Y,,,,,
33,ウィッチ・ボルト,1,力術,1act,30ft,PHB220,音声・動作・物質,精神集中・最大1分,,単体,青いエネルギー光線が突き刺さり、君との間に電狐を形成。まず命中で1d12[電気]次ターンから同じ敵に命中させる場合、呪文スロット消費無し。,1ごとに1d12,Y,Y,,Y,,,,
47,エンスペディシャス・リトリート,1,変成術,1Bact,自身,PHB224,音声・動作,精神集中・最大10分,,,早足。以上,,Y,Y,,Y,,,,Y
52,エンタングル,1,召喚術,1act,90ft,PHB225,音声・動作,精神集中・最大1分,[筋力]・無効,20ft正方形,雑草と蔓が生い茂る地面を生む。高速状態にする。,,,,,,Y,,,
67,ガイディング・ボルト,1,力術,1act,120ft,PHB229,音声・動作,１ラウンド,,単体,クリーチャーに向かって閃光が走る。遠隔呪文攻撃、4d6[光輝]と次の攻撃ロールに有利を得る。,１ごとに1d6,,,Y,,,,,
71,カラー・スプレー,1,幻術,1act,自身,PHB229,音声・動作・物質,1ラウンド,,15ft・円錐形,片手から極彩色の光の奔流が放たれる。6d10以下のhpのクリーチャーでHPが低い順から盲目状態にして引いていく。DMに聞け。,1ごとに2d10,Y,,,Y,,,,
81,キュア・ウーンズ,1,力術,1act,接触,PHB231,音声・動作,瞬間,,単体,1d8+発動能力修正値回復。,１ごとに1d8,,,Y,,Y,Y,Y,Y
82,グッドベリー,1,変成術,1act,接触,PHB232,音声・動作・物質,瞬間,,手,24時間で消えるべリーの実１０個。食べたら1hp回復。１日の栄養にもなる。,,,,,,Y,,,Y
87,グリース,1,召喚術,1act,60ft,PHB233,音声・動作・物質,1分,[敏捷力]・無効,10ft・正方形,脂に覆われる。失敗すると伏せ状態にする。,,Y,,,,,,,
90,クリエイト・オア・デストロイ・ウォーター,1,変成術,1act,30ft,PHB234,音声・動作・物質,瞬間,,,水を生成または破壊。水を生成するなら40Lまで作れて破壊なら霧を破壊したりできる。,本文参照,,,Y,,Y,,,
100,クロマティック・オーブ,1,力術,1act,90ft,PHB236,音声・動作・物質,瞬間,,単体,[酸][電撃][毒][火][雷鳴][冷気]いずれかのエネルギー弾を放つ。3d8,1ごとに1d8,Y,,,Y,,,,
105,コマンド,1,心術,1act,60ft,PHB237,音声,1ラウンド,[判断力]・無効,単体,一言の命令を発する。落とせ・来い・止まれ・逃げろ・ひれ伏せ,１ごとに追加で１体,,,Y,,,,Y,
116,コンプリヘンド・ランゲージズ,1,占術・儀式,1act,自身,PHB240,音声・動作・物質,１時間,,,自身のきいている話し言葉に対して逐語的に理解する。目にしている文章の場合、触れなければならず１分で１ぺージ,,Y,Y,,Y,,Y,,
117,コンペルト・デュエル,1,心術,1Bact,30ft,PHB240,音声,精神集中・最大１分,[判断力]・無効,単体,１体のクリーチャーと決闘を強制する。決闘を強制した相手は君から30ft離れるときにセーヴ、術者以外の攻撃に不利を得る。,,,,,,,,Y,
121,サイレント・イメージ,1,幻術,1act,60ft,PHB240,音声・動作・物質,精神集中・最大10分,,,単体の幻像を作り出す。触れずに確かめるなら呪文セーヴ難易度に対して[知力]捜査で判定,,Y,,,Y,,Y,,
123,サンクチュアリ,1,防御術,1Bact,30ft,PHB241,音声・動作・物質,１分,,単体,１体のクリーチャーを攻撃から守る。この対象を狙う時にまず[判断力]セーヴを行い失敗するとターゲットにできない。範囲系は別で、効果者の攻撃や呪文で解除。,,,,Y,,,,,
124,サンダーウェイブ,1,力術,1act,自身,PHB241,音声・動作,瞬間,[耐久力]・半減,15ft・立方体,雷鳴のごとき力の波が君か放たれてあたりを薙ぎ払う。セーヴ失敗で10ft押し出しと2d8[雷鳴]、めっちゃうるさい。,１ごとに2d8,Y,,,Y,Y,Y,,
125,サンダラス・スマイト,1,力術,1Bact,自身,PHB241,音声,精神集中・最大１分,[筋力]・踏ん張り,武器攻撃,雷鳴を武器に乗せた一撃。2d6[雷鳴]の追加ダメージとセーヴ失敗で10ft押し出しと伏せ状態。,,,,,,,,Y,
128,シアリング・スマイト,1,力術,1Bact,自身,PHB242,音声,精神集中・最大１分,[耐久力]・無効,武器攻撃,君の武器は白熱して閃光を放ち、その攻撃はそのクリーチャーに1d6[炎]を与えた上に発火。火はアクションで消せる。,１ごとに1d6,,,,,,,Y,
131,シールド,1,防御術,1Ract,自身,PHB242,音声・動作,１ラウンド,,,不可視の魔法の力場が出現し次ターンまでAC＋５、マジックミサイルを無効化。,,Y,,,Y,,,,
132,シールド・オヴ・フェイス,1,防御術,1Bact,60ft,PHB242,音声・動作・物質,精神集中・最大10分,,単体,光り輝く盾が出現して、ACに＋２のボーナスを与える。,,,,Y,,,,Y,
140,ジャンプ,1,変成術,1act,接触,PHB244,音声・動作・物質,１分,,単体,呪文終了まで跳躍距離３倍,,Y,,,Y,Y,,,Y
153,スピーク・ウィズ・アニマルズ,1,占術・儀式,1act,自身,PHB246,音声・動作,10分,,野獣,野獣のことばを理解して意思疎通できる。知力に追い自他知識や認識しかないが、説得すればささやかな仕事を頼める（DM次第）,,,,,,Y,Y,,Y
160,スリープ,1,心術,1act,90ft,PHB248,音声・動作・物質,１分,,最初の対象の20ft以内,眠りの呪文。5d8を振ってそのHP分のクリーチャーを選ぶ。ほかの対象も選ぶなら合計HPを合算して計算。気絶状態にする。,１ごとに2d8,Y,,,Y,,Y,,
169,ターシャズ・ヒディアス・ラフター,1,心術,1act,30ft,PHB249,音声・動作・物質,精神集中・最大1分,[判断力]・無効,単体,あらゆる物事を笑うようにさせる。伏せ状態。知力4以下は無効。,,Y,,,,,Y,,
174,チャーム・パースン,1,心術,1act,30ft,PHB250,音声・動作,１時間,[判断力]・無効,人型単体,戦闘中はセーヴ有利、魅了状態にする。傷つけたり効果終了時にバレる。,１ごとに追加で１体,Y,Y,,Y,Y,Y,,
178,ディヴァイン・フェイヴァー,1,力術,1Bact,自身,PHB251,音声・動作,精神集中・最大１分,,武器,信仰の輝きで君を強化。呪文終了まで武器攻撃に追加1d4[光輝]ダメージ,,,,,,,,Y,
182,ディスガイズ・セルフ,1,幻術,1act,自身,PHB252,音声・動作,１時間,,,自分自身や服装など身に着けたものを別の物に見せかけられる。アクション解除まで継続。基本的な肉体の構造は変えられず、身長も30cmほどしか買えられない。アクションを使ってセーヴ難易度に対する[知力][捜査]で見破られる。,,Y,,,Y,,Y,,
185,ディソナント・ウィスパーズ,1,心術,1act,60ft,PHB252,音声,瞬間,[判断力]・無効,単体,目標の実に聞こえる耳障りなメロディを口ずさむ。3d6[精神]とリアクションとして移動速度を使いできる限り術者から遠ざかる。聴覚喪失には影響なし。,１ごとに1d6,,,,,,Y,,
186,ディテクト・イーヴル・アンド・グッド,1,占術,1act,自身,PHB252,音声・動作,精神集中・最大１０分,,,自身から30ft以内の異形や天使等を感知できる。冒涜的な場所や聖なる場所とかも分かる。壁によって妨害されるのに注意。,,,,Y,,,,Y,
188,ディテクト・ポイズン・アンド・ディジーズ,1,占術・儀式,1act,自身,PHB253,音声・動作・物質,精神集中・最大１０分,,,自身から30ft以内の毒物及び病気の場所がわかり識別もできる。壁越しは無理。,,,,Y,,Y,,Y,Y
189,ディテクト・マジック,1,占術・儀式,1act,自身,PHB253,音声・動作,精神集中・最大１０分,,,自身から30ft以内の魔法を感知する。壁越しは無理。,,Y,,Y,Y,Y,Y,Y,Y
200,テンサーズ・フローティング・ディスク,1,召喚術・儀式,1act,30ft,PHB256,音声・動作・物質,１時間,,,250kgの重量を支える円盤を召喚。地面から3ftくらい浮かんでおり、術者の20ft以内にとどまり続ける。10ftの段差や穴は飛び越えられない,,Y,,,,,,,
216,バーニング・ハンズ,1,力術,1act,自身,PHB260,音声・動作,瞬間,[敏捷力]・半減,15ft円錐形,君の指先から灼熱の炎が円錐の形に放たれる。3d6[火],１ごとに1d6,Y,,,Y,,,,
228,ハンターズ・マーク,1,占術,1act,90ft,PHB263,音声,精神集中・最大1時間,,,射程内かつ見えているクリーチャーを1体選び、印をつける。呪文終了まで君の武器攻撃がヒットするたびに1d6の追加ダメージを与える。また目標を探すための[判断力][知覚][生存]に有利を得る。もし相手のＨＰが0で持続中ならボーナスアクションで目標切り替え可能,3か4なら8時間まで、それ以降は24時間,,,,,,,,Y
232,ヒーリング・ワード,1,力術,1Bact,60ft,PHB263,音声,瞬間,,単体,射程内のクリーチャーを（1d4+呪文発動能力修正値）回復。アンデットや人造クリーチャーには効かない。,１ごとに1d4,,,Y,,Y,Y,,
238,ピュアリファイ・フード・アンド・ドリンク,1,変成術,1act,10ft,PHB264,音声・動作,瞬間,,半径5ft,魔法的じゃないすべての食物と飲料を浄化して毒と病気を取り除く。,,,,Y,,Y,,Y,
239,ヒロイズム,1,心術,1act,接触,PHB265,音声・動作,精神集中・最大1分,,単体,同意したクリーチャーに勇気を授ける。恐怖状態に対し完全耐性を有し、対象の毎ターン開始時に呪文修正値に等しい一時的ＨＰを得る。,１ごとに追加で1体,,,,,,Y,Y,
247,ファインド・ファミリアー,1,召喚術・儀式,1時間,10ft,PHB266,音声・動作・物質,瞬間,,,使い魔召喚。長ったらしいので本文参照,,Y,,,,,,,
255,フェアリー・ファイアー,1,力術,1act,60ft,PHB268,音声,精神集中・最大1分,[敏捷力]・無効,20ft立方体,範囲内の物体はみな青や緑、紫の光で縁取られる、縁取られたやつに対する攻撃ロールに有利を得る。,,,,,,Y,Y,,
257,フェザー・フォール,1,変成術,1Ract,60ft,PHB269,音声・物質,1分,,5体,落下中のクリーチャーを5体選んで落下ダメージを受けないようにする。落下速度を60ftに低下し足で着地する。,,Y,,,Y,,Y,,
261,フォールス・ライフ,1,死霊術,1act,自身,PHB269,音声・動作・物質,1時間,,,まがい物の生命力で自身を強化する。1d4+4の一時的ＨＰを得る。,１ごとに5,Y,,,Y,,,,
262,フォッグ・クラウド,1,召喚術,1act,120ft,PHB269,音声・動作,精神集中・最大1時間,,半径20ft・球形,霧を発生させる。範囲内は重度の隠蔽を持ち、軽い風によって吹き散らされるまで持続。,1ごとに半径が20ft増加,Y,,,Y,Y,,,Y
283,ブレス,1,心術,1act,30ft,PHB275,音声・動作・物質,,,3体まで,祝福を与える。呪文終了まで攻撃ロールまたはセーヴに1d4の追加ボーナス。,1ごとに追加で１,,,Y,,,,Y,
289,プロテクション・フロム・イーヴル・アンド・グッド,1,防御術,1act,接触,PHB276,音声・動作・物質,精神集中・最大10分,,単体,同意する対象は特定の種別、善悪のあるものに対して攻撃ロールに不利を課したり、セーヴに有利を得る。,,Y,Y,Y,,,,Y,
294,ヘイル・オヴ・ソーンズ,1,召喚術,1Bact,自身,PHB277,音声,精神集中・最大1分,[敏捷力]・半減,,君の遠隔武器攻撃が初めてヒットした時、棘の雨を降らせる。目標と5ft以内の敵は1d10[刺突],１ごとに1d10(max6d10),,,,,,,,Y
295,ベイン,1,心術,1act,30ft,PHB277,音声・動作・物質,精神集中・最大1分,[魅了]・無効,最大3体,目標に1d4の攻撃・セーヴのペナルティを課すことができる。,1ごとに追加で1体,,,Y,,,Y,,
296,ヘクス,1,心術,1Bact,90ft,PHB277,音声・動作・物質,精神集中・最大1時間,,単体,目標に呪いをかける。君の攻撃がヒットするたびに1d6[死霊]と1種の能力値判定に不利を課す。ＨＰが0になったらBactで呪い対象を切り替え。,,,Y,,,,,,
297,ヘリッシュ・リビューク,1,力術,1Ract,60fft,PHB277,音声・動作,瞬間,[敏捷力]・半減,,君にダメージを与えたクリーチャーは地獄の炎に包まれる。2d10[火],１ごとに1d10,,Y,,,,,,
309,マジック・ミサイル,1,力術,1act,120ft,PHB279,音声・動作,瞬間,,任意の数,3本の矢を作りそれぞれのターゲットに向かって射出する。1本あたり1d4+1[力場]で確定で命中。,1ごとに追加で1本,Y,,,Y,,,,
321,メイジ・アーマー,1,防御術,1act,接触,PHB282,音声・動作・物質,8時間,,単体,同意した対象の基本のＡＣを13+[敏捷力]修正値にする。鎧を着ると無効化,,Y,,,Y,,,,
337,ラスフル・スマイト,1,力術,1Bact,自身,PHB285,音声,精神集中・最大1分,[判断力]・無効,,君の武器攻撃が初めてヒットした時追加で1d6[精神]、セーヴ失敗で恐怖状態になる。毎ターンActでセーヴ可能。,,,,,,,,Y,
346,レイ・オヴ・シックネス,1,死霊術,1act,60ft,PHB287,音声・動作,瞬間,[耐久力]・無効,単体,不調をもたらす緑色の光線が襲い掛かる。遠隔呪文攻撃で2d8[毒]を受けセーヴ判定。セーヴ失敗で毒状態,,Y,,,Y,,,,
359,ロングストライダー,1,変成術,1act,接触,PHB289,音声・動作・物質,1時間,,単体,目標の移動速度を10ft増加,1ごとに追加で1体,Y,,,,Y,Y,,Y
3,アーケイン・ロック,2,防御術,1act,接触,PHB212,音声・動作・物質,解呪まで,,,開け閉め可能なものに魔法により鍵をかける[難易度10+]。指定した相手は開けれて合言葉もいける。,,Y,,,,,,,
15,アニマル・メッセンジャー,2,心術・儀式,1act,30ft,PHB214,音声・動作・物質,,,,伝書鳩を飛ばすぜ。納得できないなら本文参照,本文参照,,,,,Y,Y,,Y
24,インヴィジビリティ,2,幻術,1act,接触,PHB217,音声・動作・物質,精神集中・最大1時間,,単体,攻撃もしくは呪文が終了するまで不可視状態になる。,１ごとに追加でもう1体指定可能,Y,Y,,Y,,Y,,
36,ウェブ,2,召喚術,1act,60ft,PHB221,音声・動作・物質,精神集中・最大1時間,[敏捷力]・無効,20ft・立方体,蜘蛛の巣上の網を読み出す。セーヴ失敗で拘束状態にする。燃えたら2d4[火],,Y,,,Y,,,,
39,ウォーディング・ボンド,2,防御術,1act,接触,PHB221,音声・動作・物質,1時間,,単体,術者の60ft以内にいる間。ACとセーヴィングスローに+1のボーナスを得て、全ダメージに抵抗。術者のダウンか60ft離れた時点で終了。,,,,Y,,,,,
45,エイド,2,防御術,1act,30ft,PHB223,音声・動作・物質,8時間,,3体,最大HPと現在のHPを5ポイント増加。,1ごとに5ポイント増加,,,Y,,,,Y,
51,エンスロール,2,心術,1act,60ft,PHB224,音声・動作,1分,[判断力]・無効,任意の数,心惑わす言葉の糸を紡ぐ。知覚判定を不利にさせる。,,,Y,,,,Y,,
53,エンハンス・アビリティ,2,変成術,1act,接触,PHB225,音声・動作・物質,精神集中・最大1時間,,単体,いずれかの能力判定を有利にする。,１ごとに対象を1体追加,,,Y,,Y,Y,,
54,エンラージ/リデュース,2,変成術,1act,30ft,PHB225,音声・動作・物質,精神集中・最大1分,[耐久力]・無効,単体,目標を2倍か2分の1サイズにする。本文参照,,Y,,,Y,,,,
55,オーギュリティ,2,占術・儀式,1分,自身,PHB225,音声・動作・物質,瞬間,,,この先30分に起きる予兆をＤＭに質問できる。,,,,Y,,,,,
62,オルター・セルフ,2,変成術,1act,自身,PHB226,音声・動作,精神集中・最大1時間,,,何かに変身するというより、肉体を変化させて利益を得る。水中適応・外見変更・肉体武器が選べてアクションで変換可能。,,Y,,,Y,,,,
65,カーム・エモーションズ,2,心術,1act,60ft,PHB227,音声・動作,精神集中・最大1分,[魅了]・無効,20ft・球形,魅了や恐怖状態を抑止。あらゆるクリーチャーの感情を中立的に変更。,,,,Y,,,Y,,
70,ガスト・オブ・ウィンド,2,力術,1act,自身,PHB229,音声・動作・物質,精神集中・最大1分,[筋力]・無効,長さ60ft幅10ft・線,風が吹きかける。君から離れる方に15ft押しやる。範囲内の移動コスト２倍。Bactで方向変更可能。,,Y,,,Y,Y,,,
83,クラウド・オブ・ダガーズ,2,召喚術,1act,60ft,PHB232,音声・動作・物質,精神集中・最大1分,,5ft立方体,短剣の群れ。4d4[斬撃]入った時もターン開始時も。,１ごとに2d4,Y,Y,,Y,,Y,,
85,クラウド・オブ・マッドネス,2,心術,1act,120ft,PHB232,音声・動作,精神集中・最大1分,[判断力]・無効,単体,捻れた冠をかぶせ狂気の光を宿らせる。人型限定で魅了状態になり、術者の指定した相手に攻撃。指定しない場合は通常。,,Y,Y,,,,Y,,
102,ゴートン・オブ・アローズ,2,変成術,1act,5ft,PHB236,音声・動作・物質,8時間,[敏捷力]・無効,30ft以内,４本の矢を突き立てて対人地雷として使う。1d6[刺突],1ごとに2本追加できる,使う本数分の矢弾,,,,,,,Y
110,コンティニュアル・フレイム,2,力術,1act,接触,PHB238,音声・動作・物質,解呪まで,,物体,熱や酸素を必要としない炎を作るが、通常の手段で消せない。,,Y,,Y,,,,,
120,サイレンス,2,幻術・儀式,1act,120ft,PHB240,音声・動作,精神集中・最大10分,,半径20ft・球形,音を発することができず、通り抜けられない空間を形成。聴覚喪失状態になり、[雷鳴]に完全耐性を得る。音声要素がある呪文は使えない。,,,,Y,,,Y,,Y
122,サジェスチョン,2,心術,1act,30ft,PHB241,音声・物質,精神集中・最大８時間,[判断力]・無効,単体,見えていて言うことが理解できる対象に対して、１文くらいの内容を示唆する。害になるのは無理で魅了耐性持ちはかからない。,,Y,Y,,Y,,Y,,
129,シー・インヴィジビリティ,2,占術,1act,自身,PHB242,音声・動作・物質,１時間,,,不可視のクリーチャーや物体を見ることができ、エーテルを覗き見れるるが半透明である。,,Y,,,Y,,Y,,
134,ジェントル・リポウズ,2,死霊術・儀式,1act,接触,PHB243,音声・動作・物質,10日,,死体,死体を腐敗から守り、アンデット化を防ぐ、市からよみがえるタイムリミットを伸ばす。,,Y,,Y,,,,,
138,シャター,2,力術,1act,60ft,PHB243,音声・動作・物質,瞬間,[耐久力]・半減,半径10ft,耳を聾さんばかりの雑音がはじけだし、響き渡る。3d8[雷鳴]。無機物はセーヴに不利を得る。,１ごとに1d8,Y,Y,,Y,,Y,,
145,スコーチング・レイ,2,力術,1act,120ft,PHB245,音声・動作,瞬間,,3本,3本の火炎光線を放つ、1本につき1回の遠隔呪文攻撃、単体にも別々にもできる。2d6[火],１ごとに1本,Y,,,Y,,,,
151,スパイク・グロウス,2,変成術,1act,150ft,PHB246,音声・動作・物質,精神集中・最大10分,,半径20ft,地面を棘や針だらけにする。範囲内と5ft移動で2d4[刺突]、[判断力]知覚に成功しない限り、気づかない。,,,,,,Y,,,Y
152,スパイダー・クライム,2,変成術,1act,接触,PHB246,音声・動作・物質,精神集中・最大1時間,,単体,垂直な面もを移動したり、天井にぶら下がれる。両手は空けよう。,,Y,Y,,Y,,,,
156,スピリチュアル・ウェポン,2,力術,1Bact,60ft,PHB247,音声・動作,1分,,,おぼろげな武器を1つ創り出す。5ft以内の敵に対して1回の近接呪文攻撃が可能。1d8+呪文発動修正値[力場]、Bactで攻撃と20ft移動可能。形は好きにして。,１ごとに1d8,,,Y,,,,,
166,ゾーン・オブ・トゥルース,2,心術,1act,60ft,PHB249,音声・動作,10分,[魅力]・無効,半径15ft,嘘偽りを防ぐ魔法の場を発生させる。質問に対して嘘がつけなくなるが呪文の効果はバレる。,,,,Y,,,Y,Y,
167,ダークヴィジョン,2,変成術,1act,接触,PHB249,音声・動作・物質,8時間,,単体,触れた対象に暗視60ftを与える,,Y,,,Y,Y,,,Y
168,ダークネス,2,力術,1act,60ft,PHB249,音声・物質,精神集中・最大10分,,半径15ft,魔法の暗闇で範囲を満たす。レベル2以下の光を打ち消す。,,Y,Y,,Y,,,,
187,ディテクト・ソウツ,2,占術,1act,自身,PHB252,音声・動作・物質,精神集中・最大１分,[判断力]・無効,単体,自身から30ft以内の知力３以上のクリーチャーの心を読める。目標はアクションで君の[知力]と対抗判定できる。物理的な壁があると無理で、呪文を唱えた時点で心を探られているとバレる。,,Y,,,Y,,Y,,
212,ニストゥルズ・マジック・オーラ,2,幻術,1act,接触,PHB259,音声・動作・物質,24時間,,単体,物体やクリーチャーに幻をかぶせ、占術呪文に対して嘘の情報を与える。,,Y,,,,,,,
213,ノック,2,変成術,1act,60ft,PHB259,音声,瞬間,,閉じている物体,南京錠や鍵がかかっていた李アーケイン・ロックによって鍵がかかったものを開錠する。ただし複数あっても１つしか開けられないのと、300ft先まで届く音を発するので注意。,,,,,Y,,Y,,
215,バークスキン,2,変成術,1act,接触,PHB260,音声・動作・物質,精神集中・最大1時間,,単体,目標の皮膚はごつごつした樹の皮のようになり、ＡＣを16以下にならないようにする。,,,,,,,,,Y
218,パス・ウィズアウト・トライス,2,防御術,1act,自身,PHB260,音声・動作・物質,精神集中・最大1時間,,任意の数,君から広がる影と沈黙の薄衣で君と仲間を覆い隠す。効果時間中君から30ft以内のクリーチャーは[敏捷力][隠密]判定に＋10のボーナスを得るうえ魔法的手段以外では追跡できない。そこを通った痕跡も残らない。,,,,,,Y,,,Y
230,ビースト・センス,2,占術・儀式,1act,接触,PHB263,動作,精神集中・最大1時間,,野獣単体,呪文の持続中、同意した野獣に対しアクションを使うことで野獣の目や聞いた音などを見ることができる。これはアクションを使うことで解除でき、野獣の特性や特殊な感覚を得られるが、自身の感覚は喪失している状態である。,,,,,,Y,,,Y
231,ヒート・メタル,2,変成術,1act,60ft,PHB263,音声・動作・物質,精神集中・最大1分,[耐久力]・無効,,金属製の人工物を1つ選んで赤熱させる、セーヴ関係なく2d8[火]で精神集中している間各ターンBactで個のダメージを与えられる。セーヴ失敗で武器を落とす（落とせれば）。落とせないなら君の次ターンまで攻撃と能力値判定に不利を得る。,,,,,,Y,Y,,
245,ファインド・スティード,2,召喚術,10分,30ft,PHB266,音声・動作,瞬間,,,並外れて賢い1頭の乗用動物の姿をした1体の霊を召喚。軍馬、ポニー、キャメル、エルク、マスティフかＤＭ許可次第。1種類の言語理解能力を得る。人馬一体の戦いができ、自身をターゲットとする呪文の効果を受ける。ＨＰ0で消えうせるが再召喚可能。1mile以内なら呼び寄せられる。,,,,,,,,Y,
246,ファインド・トラップス,2,占術,1act,120ft,PHB266,音声・動作,瞬間,,,射程内で視界の通っている場所の罠を感知する。どのような危険をもたらすかがわかるが、自然にできたものは感知できない。,,,,Y,,Y,,,Y
250,ファンタズマル・フォース,2,幻術,1act,60ft,PHB267,音声・動作・物質,精神集中・最大1分,[知力]・無効,単体,精神に根差した幻を作り上げる。セーヴ失敗で幻が見えるようになり、目標のみに知覚できる。腎臓やアンデットは無効、目標はアクションとしてセーヴに対し[知力][捜査]を行って調べられる。1d6[精神]で目標はこの幻を本物と信じて疑わない。,,,,,Y,,Y,,
263,ブラー,2,幻術,1act,自身,PHB270,音声,精神集中・最大1分,,,君を見るあらゆるものに対し、君の体はかすんで揺れ動く。攻撃ロールに不利をかぶせることができる。幻に耐性があったり、疑似視覚があるなら完全耐性を持つ。,,,,,Y,,,,
267,ブラインドネス/デフネス,2,死霊術,1act,30ft,PHB270,音声,1分,[耐久力]・無効,単体,対象を盲目状態または聴覚喪失状態にする。毎ターンセーヴ。,１ごとに追加で1体,,,Y,Y,,Y,,
268,ブランディング・スマイト,2,力術,1Bact,自身,PHB270,音声,精神集中・最大1分,,,武器攻撃が初めてヒットした時、武器がアストラルの光に輝く。追加で2d6[光輝]を与え、不可視状態になることができなくなる。,1ごとに1d6,,,,,,,Y,
276,フレイミング・スフィアー,2,召喚術,1act,60ft,PHB274,音声・動作・物質,精神集中・最大1分,[敏捷力]・半減,,炎の球体が存在し続ける。この球体の5ft以内にいる敵は2d6[炎]。,,,,,,Y,,,
278,フレイム・ブレード,2,力術,1Bact,自身,PHB274,音声・動作・物質,精神集中・最大10分,,片手,空いている手に一振りの炎の刃を生じさせる。刃から手を離すと消えうせるが、Bactで再び生じさせることができる。1回のアクションで近接呪文攻撃として使えて3d6[火]を与えることができる。,２ごとに1d6,,,,,Y,,,
279,プレイヤー・オヴ・ヒーリング,2,力術,10分,30ft,PHB274,音声,瞬間,,最大6体,クリーチャーを（2d8+呪文発動能力修正値）回復する。,１ごとに1d8,,,Y,,,,,
291,プロテクション・フロム・ポイズン,2,防御術,1act,接触,PHB276,音声・動作,1時間,,単体,対象が毒状態なら毒を無効化、複数なら知っている毒を先に無効化して知らないならランダムで無効化する。毒状態に対するセーヴに有利を得て[毒]に対する抵抗を得る。,,,,Y,,Y,,Y,Y
300,ホールド・パースン,2,召喚術,1act,60ft,PHB278,音声・動作・物質,精神集中・最大1分,[判断力]・無効,人型単体,セーヴ失敗で麻痺状態に、毎ターンセーヴ。,1ごとに追加で1体,Y,Y,Y,Y,Y,Y,,
305,マジック・ウェポン,2,変成術,1Bact,接触,PHB278,音声・動作,精神集中・最大1時間,,武器,魔法でない武器1つに接触し、攻撃とダメージロールに+1のボーナスを持つ魔法武器を作る。,4で+2、6で+3,Y,,,,,,Y,
308,マジック・マウス,2,幻術・儀式,1分,30ft,PHB279,音声・動作・物質,解呪まで,,物体,物体1つにメッセージを埋め込む、75文字で10分間再生可能。条件も決められる。,,Y,,,,,,,
315,ミスティ・ステップ,2,召喚術,1Bact,自身,PHB280,音声,瞬間,,,君は一瞬銀色の靄に包まれ30ft以内の視界の通る場所に瞬間移動する。,,Y,Y,,Y,,,,
317,ミラー・イメージ,2,幻術,1act,自身,PHB281,音声・動作,1分,,,君と同じ場所に君自身の幻の複製が3体出現。攻撃をする側は1d20を振って6以上が出れば幻、幻が2体なら11以上、1体なら11以上で切り替えさせる。ＡＣは10+君の敏捷力修正値となり、1発で破壊させる。見抜かれると意味がない。,,Y,Y,,Y,,,,
320,ムーンビーム,2,力術,1act,120ft,PHB281,音声・動作・物質,精神集中・最大1分,[耐久力]・半減,半径5ft高さ40ft円筒形,淡い緑色の光線が降り注ぐ、範囲内でターン開始及びそのターンで初めて範囲に入ったら2d10[光輝]。変身生物はセーヴに不利で各ターンアクションとして60ftまで移動可能。,１ごとに1d10,,,,,Y,,,
327,メルフス・アシッド・アロー,2,力術,1act,90ft,PHB283,音声・動作・物質,瞬間,,単体,ちらちら光る緑色の矢が飛んでいきはじけて酸の飛沫をまき散らす。遠隔呪文攻撃でヒットすると4d4[酸]で追加で目標のターン終了時にも2d4[酸]。ミスしても2d4[酸]だけ食らう。,1ごとにそれぞれ1d4,Y,,,,,,,
345,レイ・オヴ・エンフィーブルメント,2,死霊術,1act,60ft,PHB287,音声・動作,精神集中・最大1分,[耐久力]・無効,単体,力を奪う黒いビームを放つ。遠隔呪文攻撃でヒットした場合、セーヴ失敗で目標の[筋力]に基づくダメージを半減させる。,,Y,Y,,,,,,
349,レヴィテート,2,変成術,1act,60ft,PHB287,音声・動作・物質,精神集中・最大10分,[耐久力]・無効,単体,250kgのものを最大で20ft浮かび上がらせ、actで移動可能。落下時はゆっくりと地面に降り立つ。,,Y,,,Y,,,,
354,レッサー・レストレーション,2,防御術,1act,接触,PHB288,音声・動作,瞬間,,単体,1種類の病気か、聴覚喪失・毒・麻痺・盲目の状態1つを終了させる。,,,,Y,,Y,Y,Y,Y
355,ロープ・トリック,2,変成術,1act,接触,PHB289,音声・動作・物質,1時間,,ロープ,60ftまでのロープ1本に触れる。ロープは直立して上ることでは入れる不可視の異次元空間の入り口を持ち、最大8体まで入ることができる。空間には窓があり、外をのぞける。終了時落下,,Y,,,,,,,
356,ロケート・アニマルズ・オア・プランツ,2,占術・儀式,1act,自身,PHB289,音声・動作・物質,瞬間,,植物または野獣,植物や野獣の特徴または名前を述べたら、5mile以内の方向と距離を知る。,,,,,,Y,Y,,Y
357,ロケート・オブジェクト,2,占術,1act,自身,PHB289,音声・動作・物質,精神集中・最大10分,,物体単体,よく知っている物体または名前を1つ述べると1000ft以内にあるなら方向がわかる・移動方向も分かる。しかし30ft以内で1回は見たもののみ、そして対象と君をまっすぐ結ぶ経路が鉛で遮られているなら感知不可能。,,Y,,Y,,Y,Y,Y,Y
17,アニメイト・デッド,3,死霊術,1分,10ft,PHB215,音声・動作・物質,瞬間,,単体・死体,ゾンビ召喚・本文参照,本文参照,Y,,Y,,,,,
29,ヴァンピリック・タッチ,3,死霊術,1act,自身,PHB219,音声・動作,精神集中・最大1分,,単体,生命力吸って回復。近接呪文攻撃3d6[死霊]の半分回復。精神集中してる間スロット消費無しで発動可能。,1ごとに1d6,Y,Y,,Y,,,,
35,ウィンド・ウォール,3,力術,1act,120ft,PHB220,音声・動作・物質,精神集中・最大1分,[筋力]・半減,長さ50ft・高さ15ft・厚さ1ft,強風が壁となって立ち上がる。3d8[殴打]。軽い物や矢、弾などは通過できず。上空に打ち上げ。,,,,,,Y,,,Y
37,ウォーター・ウォーク,3,変成術・儀式,1act,30ft,PHB221,音声・動作・物質,1時間,,最大10体,あらゆる液体の上を無害な地面として移動できる。溶岩の場合は普通に熱いので注意。沈んでたら浮上させる。,,,,Y,Y,Y,,,Y
38,ウォーター・ブリージング,3,変成術・儀式,1act,30ft,PHB221,音声・動作・物質,24時間,,最大10体,水中呼吸,,Y,,,Y,Y,,,Y
49,エレメンタル・ウェポン,3,変成術,1act,接触,PHB224,音声・動作,精神集中・最大1時間,,武器,武器にエンチャント。[酸][電撃][火][雷鳴][冷気]を選ぶ。持続中攻撃ロールに+1のボーナスと選んだ種別の1d4ダメージ追加。,"lv5,lv6で+2と2d4・lv7以上で+3と3d4",,,,,,,Y,
50,エンスネアリング・ストライク,3,変成術,1act,接触,PHB224,音声,精神集中・最大1分,[筋力]・無効,単体,武器攻撃が初めてクリーチャーにヒットしたら、棘だらけの蔦で絡ませる。1d6[刺突]と拘束状態にする。,,,,,,,,,
56,オーラ・オヴ・ヴァイタリティ,3,力術,1act,自身,PHB225,音声,精神集中・最大1分,,30ft,回復オーラで身を包む。ボーナスアクションでオーラ内の1体のＨＰを2d6回復。,,,,,,,,Y,
68,カウンタースペル,3,防御術,1Ract,60ft,PHB229,動作,瞬間,,呪文,呪文の発動をリアクションを使って止められる。レベル３以下のみ。,使用するレベル以下の呪文を妨害可能。,Y,Y,,Y,,,,
69,ガシアス・フォーム,3,変成術,1act,接触,PHB229,音声・動作・物質,精神集中・最大1時間,,単体,ガス化して色々する。液体以外のスキマは通れる。本文参照,,Y,Y,,Y,,,,
72,カンジャー・アニマルズ,3,召喚術,1act,60ft,PHB230,音声・動作,精神集中・最大1時間,,,動物召喚。本文参照,本文参照,,,,,Y,,,Y
77,カンジャー・バラージ,3,召喚術,1act,自身,PHB231,音声・動作・物質,瞬間,[敏捷力]・半減,60ft・円錐形,投げたものを無数に分裂させて攻撃。3d8[射出したものの属性],,,,,,,,,Y
91,クリエイト・フード・アンド・ウォーター,3,召喚術,1act,30ft,PHB234,音声・動作,瞬間,,,１日だけ持つ食料を生成。味気はないが栄養豊富。水はずっと持つ。,,,,Y,,,,Y,
92,グリフ・オブ・ウォーディング,3,防御術,1時間,接触,PHB234,音声・動作・物質,解呪か作動まで,,物体,中身は面倒ですが、防御戦やDM向きの条件付きの魔法を封じ込めるやつ。本文参照,本文参照,Y,,Y,,,Y,,
94,クルセイダーズ・マントル,3,力術,1act,自身,PHB235,音声,精神集中・最大1分,,半径30ft・球形,勇気のオーラをまとう。君含めた有効なクリーチャーの武器攻撃がヒットするたび1d4[光輝]追加,,,,,,,,Y,
95,クレアヴァイアンス,3,占術,10分,自身,PHB235,音声・動作・物質,精神集中・最大10分,,,不可視の聴覚か視覚センサーを作る。以上。本文参照,,Y,,Y,Y,,Y,,
103,コール・ライトニング,3,力術,1act,120ft,PHB236,音声・動作,精神集中・最大10分,[敏捷力]・半減,高さ10ft半径60ft,君の真上に嵐雲を召喚し範囲内の１点を選ぶ。その１点に稲妻が走り5ft以内の敵に3d10[電撃],1ごとに1d10,,,,Y,Y,,,
147,スティンキング・クラウド,3,召喚術,1act,90ft,PHB245,音声・動作・物質,精神集中・最大1分,[耐久力]・無効,20ft・球形,黄色いガスを発生させる。重度の隠蔽を得る。範囲内でセーヴ失敗で嘔吐と眩暈でアクション不可。,,Y,,Y,,,Y,,
154,スピーク・ウィズ・デッド,3,死霊術,1act,10ft,PHB246,音声・動作・物質,10分,,死体,死体に知性と生命を与え、質問をすることができる。10日以内の再ターゲットやアンデット不可。質問は5個までで口がないとダメ。,,,,,,,Y,,
155,スピーク・ウィズ・プランツ,3,変成術,1act,自身,PHB246,音声・動作,10分,,半径30ft,植物に限定的な知覚力と自立行動能力を与え、1日以内の記憶の質問ができる。エンタングル呪文も対象で自由に動かしたりできる。,,,,Y,,Y,Y,,Y
157,スピリット・ガーディアンズ,3,召喚術,1act,自身,PHB247,音声・動作・物質,精神集中・最大10分,[判断力]・半減,半径15ft,守護霊を召喚、君が全または中立なら妖精か天使、悪なら悪魔みたいな見た目。効果範囲では敵の移動速度半減、天使で3d8[光輝]、悪魔で3d8[死霊]。,１ごとに1d8,,,,Y,,,,
159,スリート・ストリーム,3,召喚術,1act,150ft,PHB248,音声・動作・物質,精神集中・最大１分,[敏捷力]・無効,半径40ft高さ20ft・円筒形,範囲内に、氷のような雨とみぞれが降りそそぐ。範囲内は滑りやすくなり、重度の隠蔽を得る。セーヴ失敗で伏せ状態。,,Y,,,Y,Y,,,
161,スロー,3,変成術,1act,120ft,PHB248,音声・動作・物質,精神集中・最大１分,[判断力]・無効,30ft立方体,最大６体を選び、セーヴ失敗で移動速度半分、ACと[敏捷力]－２アクション１回に制限。呪文発動に1d20を振り、１１以上出たら次ターンに発動。,,Y,,Y,,,,,
163,センディング,3,力術,1act,無限,PHB248,音声・動作・物質,１ラウンド,,単体,自分が知っている相手に最大75文字のメッセージを送る。心の中に送信され、知力が1あれば理解できる。別次元だと5％で無理。,,Y,,Y,Y,,Y,,
172,タンズ,3,力術,1act,接触,PHB250,音声・物質,１時間,,単体,１体のクリーチャーに対し耳にしたあらゆる言語を理解する能力を授ける。,,Y,Y,Y,Y,,Y,,
184,ディスペル・マジック,3,防御術,1act,120ft,PHB252,音声・動作,瞬間,,単体,３レベル以下の魔法呪文を終了させる。４以上なら呪文発動能力値による魔法判定をする。難易度は（10+その呪文のレベル）,１ごとに強制終了できるレベルが１上がる,Y,Y,Y,Y,Y,Y,Y,
191,デイライト,3,力術,1act,60ft,PHB253,音声・動作,１時間,,半径60ft・球形,射程内の１点を光で満たす。範囲内を明るい状態にしてさらに６０ft遠い場所は薄明るい状態にする。この光を物体につけることもできるが不透明なものは光を通さないという点に注意。３レベル以下の暗闇を作る呪文を解呪する。,,,,,,Y,,Y,Y
214,ノンディテクション,3,防御術,1act,接触,PHB259,音声・動作・物質,8時間,,単体,占術魔法や魔法的な念視のセンサーによって知覚されない縦横10ftの空間を作ったり効果を与えたりできる。,,Y,,,,,Y,,Y
227,ハンガー・オヴ・ハダル,3,召喚術,1act,150ft,PHB262,音声・動作・物質,精神集中・最大1分,[俊敏力]・無効,半径20ft球形,星々の狭間の間、未知の恐怖が巣食う領域に通じる門を開く。効果範囲は光で照らせず、盲目状態となる。範囲内はターン終了時の2d6[冷気]とセーヴ失敗の2d6[酸]があり移動困難である。,,,Y,Y,,,,,
229,ビーコン・オヴ・ホープ,3,防御術,1act,接触,PHB263,音声・動作,精神集中・最大1分,,任意の数,この呪文は希望と活力を与えてくれる。[判断力]と死亡セーヴに有利を得る。さらに回復を受ける際の回復が自動で最大値となる。,,,,Y,,,,,
236,ビストウ・カース,3,死霊術,1act,接触,PHB264,音声・動作,精神集中・最大1分,[判断力]・無効,,1体のクリーチャーを呪う。呪いっている間。1種類の能力値判定とセーヴに不利。君の攻撃ロールに不利。各ターンセーヴ失敗でアクション不可。君の攻撃に対し1d8[死霊術]の追加ダメージ,4で10分、5以降は精神集中なしで8時間、７で1日、８で解呪まで,,,,Y,,Y,,
237,ヒプノティック・パターン,3,幻術,1act,120ft,PHB264,音声・動作・物質,精神集中・最大1分,[判断力]・無効,30ft立方体,極彩色の文様が宙を揺らめき波打つ。一瞬だけ現れ範囲内でこれを見たらセーヴしなければならず、魅了状態となり無力状態になる。ダメージ化アクションを使うことで起こすことができる。,,Y,Y,,Y,,Y,,
243,ファイアーボール,3,力術,1act,150ft,PHB266,音声・動作・物質,瞬間,[敏捷力]・半減,20ft・球形,一点に向かってまばゆい光芒がひらめき轟音とともに火炎が爆裂する。8d6[火],1ごとに1d6,Y,,,,,,,
251,ファントム・スティード,3,幻術・儀式,1分,30ft,PHB268,音声・動作,1時間,,,指定した場所に大型サイズで半ば実体のある馬に似た生物が現れる、外観は自由で騎乗可能。移動速度は100ftでダメージを受けると解除、降りる余裕はある。,,Y,,Y,Y,,,,
252,フィアー,3,幻術,1act,自身,PHB268,音声・動作・物質,精神集中・最大1分,[判断力]・無効,30ft円錐形,相手が最も恐れるものの幻像を投影。範囲内のクリーチャーはみなセーヴ失敗で恐怖状態となり、早足アクションで逃げ出す。毎ターンセーヴ,,Y,Y,,,,Y,,
256,フェイン・デス,3,死霊術・儀式,1act,接触,PHB268,音声・動作・物質,1時間,,単体,同意した対象をしたいと見分けがつかない硬直した状態にする。[精神]以外のダメージに抵抗を有し、盲目かつ無力状態であり毒や病気の効果を止める。,,Y,,,Y,Y,Y,,
264,フライ,3,変成術,1act,接触,PHB270,音声・動作・物質,精神集中・最大10分,,単体,同意した対象に対し、60ftの飛行移動速度を与える。,1ごとに1体追加,Y,Y,,,,,,
266,ブライディング・スマイト,3,力術,1Bact,自身,PHB270,音声,精神集中・最大1分,[耐久力]・無効,,武器攻撃が初めてヒットした場合、まばゆい光を放ち3d8[光輝]を追加で与え、セーヴ失敗で盲目状態にする、毎ターンセーヴ。,,,,,,,,Y,
269,プラント・グロウス,3,変成術,1actまたは8時間,150ft,PHB270,音声・動作,瞬間,,植物,特定の範囲内の植物に活力を流し込む。アクションの場合、半径100ftの範囲の植物が好き放題に伸びて移動コストが4倍。8時間なら1年間実り豊かになる。,,,,,Y,Y,Y,,Y
273,ブリンク,3,変成術,1act,自身,PHB273,音声・動作,1分,,,各ターン開始時に1d20をロールして11以上ならエーテル界に移動する。アクションで解除可能。エーテル界にいる間、60ftより遠くは見れないが、エーテル界にいないクリーチャーに知覚されない。,,Y,,Y,Y,,,,
290,プロテクション・フロム・エナジー,3,防御術,1act,接触,PHB276,音声・動作,精神集中・最大1時間,,単体,同意した対象に[酸]、[電撃]、[火]、[雷鳴]、[冷気]のいずれかの抵抗を得る。,,Y,,,Y,Y,,,Y
293,ヘイスト,3,変成術,1act,30ft,PHB276,音声・動作・物質,精神集中・最大1分,,単体,同意した対象を移動速度2倍、AC+2、[敏捷力]セーヴに有利を与えたうえで1回の追加アクションを与える。（追加されたアクションは1回武器攻撃、早足、離脱、隠れ身のみにしか使えない）。呪文終了時に対象は次ターンまで移動とアクション不可,,Y,,Y,,,,,
306,マジック・サークル,3,防御術,1分,10ft,PHB279,音声・動作・物質,1時間,[魅力]・無効,半径10ft高さ20ft円筒形,任意の種別のモンスターに以下の作用を与える。自分の石で範囲内に入れない、範囲内の目標に対する攻撃に不利、魅了や恐怖にできず憑依もできない。反転も可能,1ごとに1時間延長,Y,Y,Y,,,,Y,
312,マス・ヒーリング・ワード,3,力術,1Bact,60ft,PHB280,音声,瞬間,,最大6体,回復の祈りを高らかに詠唱する。(1d4+呪文発動能力修正値)回復。アンデッドや人造は無駄,１ごとに1d4,,,,Y,,,,
324,メジャー・イメージ,3,幻術,1act,120ft,PHB282,音声・動作・物質,精神集中・最大10分,,,20ft立方体の物体とかの幻を作る。においや温度も伴う。会話すら可能な高度なものであるが、[知力][捜査]で見抜かれる。,6以上なら精神集中なしの解呪までに変更,Y,Y,Y,,,Y,,
326,メルド・イントゥ・ストーン,3,変成術・儀式,1act,接触,PHB283,音声・動作,8時間,,石,君の体がすっぽり入る石があるなら入り込み融合する。魔法以外で感知されないが、術者は外を見れず、[知力][知覚]に不利がつく。石に大きなダメージを受けたら6d6[殴打]で破壊なら50[殴打]を食らう。,,,,,Y,Y,,,
335,ライトニング・アロー,3,変成術,1Bact,自身,PHB285,音声・動作,精神集中・最大1分,[敏捷力]・半減,,君が行う遠隔武器攻撃に対して以下の様に効果を変更する。4d8[電撃]に目標の10ftも2d8[電撃],1ごとにそれぞれ1d8,,,,,,,,Y
336,ライトニング・ボルト,3,力術,1act,自身,PHB285,音声・動作・物質,瞬間,[敏捷力]・半減,100ft直線,幅5ft長さ100ftの直線状の電光が走る。8d6[電撃],,Y,,Y,,,,,
340,リヴィヴィファイ,3,死霊術,1act,接触,PHB286,音声・動作・物質,瞬間,,死体,死後1分以内の死体をHP1で復活させる。老衰なら復活しないし、欠損した肉体は返ってこない,,,,Y,,,,Y,
343,リムーヴ・カース,3,防御術,1act,接触,PHB287,音声・動作,瞬間,,単体,呪いを終了させる。呪われたアイテムなら同調を解除する。,,Y,Y,,,,,Y,
351,レオムンズ・タイニイ・ハット,3,力術・儀式,1分,自身,PHB288,音声・動作・物質,8時間,,10ft・半球,半径10ftの移動不能なドームが覆い、持続中留まる。術者が離れたら終了し、他のクリーチャーや物体は通過できず、魔法的効果も通らない。範囲内に中型が9体までなら発動できるが、大型や10体以上いたら発動できない。,,Y,,,,,Y,,
1,アーケイン・アイ,4,占術,1act,30ft,PHB212,音声・動作・物質,精神集中・最大1時間,,,射程内に不可視の魔法の目を生み出し、それは空中に浮かび30ftの暗視を有する。使用者の1act使えば30ft移動可能。壁は通り抜けれない。,,Y,,,Y,,,,
7,アイス・ストーム,4,力術,1act,300ft,PHB213,音声・動作・物質,瞬間,[敏捷力]・半減,半径20ft・高さ40ft・円筒,固い氷を降り注がせる。2d8[殴打]+4d6[冷気]、範囲内を移動困難な地形に変更。,1ごとに1d8[殴打],Y,,,Y,Y,,,
43,ウォール・オブ・ファイアー,4,力術,1act,120ft,PHB223,音声・動作・物質,精神集中・最大1分,[敏捷力]・半減,長さ60ft・高さ20ft・厚さ1ft,炎の壁を作り出し5d8[火]。初で入るときも5d8[火]。,１ごとに1d8,Y,,,,Y,,,
46,エヴァーズ・ブラック・テンタクルズ,4,召喚術,1act,90ft,PHB224,音声・動作・物質,精神集中・最大1分,[敏捷力]・半減,20ftの正方形,のたうつ触手が無数に生える。困難な地形に変更。3d6[殴打]で拘束状態にする。ターン開始時にもセーヴ。,,Y,,,,,,,
57,オーラ・オヴ・ピュアリティ,4,防御術,1act,自身,PHB226,音声,精神集中・最大10分,,30ft,浄化のオーラで身を包む。オーラ内の人は皆病気にならず[毒]の抵抗を得てあらゆる状態効果に対するセーヴに有利を得る。,,,,,,,,Y,
58,オーラ・オブ・ライフ,4,防御術,1act,自身,PHB226,音声,精神集中・最大10分,,30ft,命を護るエネルギーを纏う。オーラ内の人は[死霊]耐性を得て最大ＨＰが減らない。0hpの時には1hpとなる。,,,,,,,,Y,
61,オティルークス・リジリアント・スフィアー,4,力術,1act,30ft,PHB226,音声・動作・物質,精神集中・最大1分,[敏捷力]・無効,単体,大型以下のクリーチャーを1体包む。外からも中からも何もできない。,,Y,,Y,,,,,
64,ガーディアン・オブ・フェイス,4,召喚術,1act,30ft,PHB227,音声,8時間,[敏捷力]・半減,,幽霊のような守護者を召喚。守護者から10ft以内に近づいたら20[光輝]。60ダメージを与え終えたら消える。,,,,,,,,,
74,カンジャー・ウッドランド・ビーイングズ,4,召喚術,1act,60ft,PHB230,音声・動作・物質,精神集中・最大1時間,,,フェイクリーチャーを召喚。まぁ妖精の森の動物召喚。本文参照,本文参照,,,,,Y,,,Y
79,カンジャー・マイナー・エレメンタルズ,4,召喚術,1分,60ft,PHB231,音声・動作,精神集中・最大1時間,,,小型精霊召喚。本文参照,本文参照,Y,,,,Y,,,
86,グラスピング・ヴェイン,4,召喚術,1Bact,30ft,PHB232,音声・動作,精神集中・最大1分,[敏捷力]・無効,何もない地面,１本の蔦を生やす。蔦は30ft以内の敵１体に絡みつかせることができ、20ft引き寄せる。毎ターンBactで別のに絡みつかせてもよい。,,,,,Y,Y,,,Y
96,グレーター・インヴィシビリティ,4,幻術,1act,接触,PHB235,音声・動作,精神集中・最大1分,,単体,呪文が終了するまで不可視状態となる。,,Y,,Y,,,Y,,
113,コントロール・ウォーター,4,変成術,1act,300ft,PHB239,音声・動作・物質,精神集中・最大10分,,100ft・立方体,水を召喚して色々する。本文参照,,Y,,,,Y,,,
114,コンパルジョン,4,心術,1act,30ft,PHB239,音声・動作,精神集中・最大1分,[判断力]・無効,任意の数,任意の数のクリーチャーを魅了して移動させる。Bactとして方角を指定して移動させる。明確に危ない場所は無理。,,,,,Y,,Y,,
115,コンフュージョン,4,心術,1act,90ft,PHB239,音声・動作・物質,精神集中・最大1分,[判断力]・無効,半径10ft・球形,クリーチャーの精神に襲い掛かって捻じ曲げ、妄想を植え付けて制御不明な行動をさせる。本文参照,１ごとに半径5ft拡張,Y,,,,Y,Y,,
137,ジャイアント・インセクト,4,変成術,1act,30ft,PHB243,音声・動作,精神集中・最大10分,,虫系,本文参照。虫をジャイアント化させる。,,,,,,Y,,,
146,スタガリング・スマイト,4,力術,1Bact,自身,PHB245,音声,精神集中・最大1分,[判断力]・無効,単体,目標の精神と肉体の双方を貫く一撃。近接に追加で4d6[精神]、セーヴ失敗で攻撃と能力に不利かつリアクション不可。,,,,Y,,,,Y,
149,ストーンシェイプ,4,変成術,1act,接触,PHB246,音声・動作・物質,瞬間,,中型以下の石製品,石から物品を作ったり任意の形状を作る。医師にあばうぃあじぇたる変形させたりするのも可能。しかし複雑な形にはできない。,,Y,,,Y,Y,,,
150,ストーンスキン,4,防御術,1act,接触,PHB246,音声・動作・物質,精神集中・最大1時間,,単体,1体を石の様に固くする。物理に抵抗を有する（半減）,,Y,,Y,,Y,,,Y
180,ディヴィネーション,4,占術・儀式,1act,自身,PHB251,音声・動作・物質,瞬間,,,神または神のしもべと接触。７日以内の特定の目標やできごとや活動に関して１つの質問を投げれる。しかし、問題として結果が変わるかもしれない状況は考慮されず、簡潔な質問のみ。次の大休憩までに２回以上使う場合、+=25％の確率で失敗する。,,,,,Y,,,,
190,ディメンション・ドア,4,召喚術,1act,500ft,PHB253,音声,瞬間,,,自身を任意の位置に瞬間移動させる。自身から見える場所か、思い描ける場所でないとテレポートできず、もしテレポート先にモノがあれば失敗して4d6[力場]を受けてしまう。5ft以内の同じサイズ以下の人型生物１体を同時にテレポートできる。,,Y,Y,Y,,,Y,,
193,デス・ウォード,4,防御術,1act,接触,PHB255,音声・動作,８時間,,単体,死からの（ある程度の）守りを施す。持続中対象がHP０になった時１に変更して呪文を終了。即死効果を無効化できその場合も終了する。,,,,,Y,,,Y,
206,ドミネイト・ビースト,4,心術,1act,60ft,PHB258,音声・動作,精神集中・最大１分,[判断力]・無効,野獣単体,心を惑わし魅了状態にする。戦闘中なら対象が攻撃時に攻撃相手のセーヴが有利に、おおまか命令して攻撃させたりもできる。命令されてないなら自身の身を守り、精密な動作をさせる場合術者のアクションを使う必要があり、術者のリアクションを引き換えにリアクションを消費させられる。ダメージのたびにセーヴ判定。,持続時間延長、6なら10m、7なら1h、8以上なら8h,,,Y,Y,Y,,,
220,パニッシュメント,4,防御術,1act,60ft,PHB261,音声・動作・物質,精神集中・最大1時間,[魅力]・無効,単体,クリーチャー1体を別次元に追放する。もし別次元のクリーチャーであれば1分この呪文が持続すれば返ってこないが、同一の次元のクリーチャーなら呪文が終了した時点で戻る。,１ごとに追加で1体,Y,Y,,,,,Y,
222,ハリューサナトリ・テレイン,4,幻術,10分,300ft,PHB262,音声・動作・物質,24時間,,,150ftの立方体の自然の地形を全く違った幻に置き換える。人工物は無理なので注意。見破りは君の呪文セーヴに対して[知力[捜査]判定。,,Y,Y,,,Y,Y,,
240,ファイアー・シールド,4,力術,1act,自身,PHB265,音声・動作・物質,10分,,,自身を薄くか細い日で包み込む、盾は[冷気]か[火]どちらかを選んで抵抗を得る。5ft以内から攻撃を受けたなら2d8[冷気]か[火]を受ける。,,Y,,,,,,,
248,ファブリケイト,4,変成術,10分,120ft,PHB267,音声・動作,瞬間,,,何らかの原材料を加工品にできる。木を橋にしたり服を作ったり。しかし、高度なものは職人道具に習熟しなければ作れない。,,Y,,,,,,,
249,ファンタズマル・キラー,4,幻術,1act,120ft,PHB267,音声・動作,精神集中・最大1分,[判断力]・無効,単体,クリーチャーの悪夢に手を伸ばし、対象の恐怖を具現化した幻を作り上げる。発動時点でセーヴ失敗したら、恐怖状態になり以降のセーヴ失敗時に4d10[精神]。セーヴ成功で呪文終了。,１ごとに1d10,Y,,,Y,,,,
265,ブライト,4,死霊術,1act,30ft,PHB270,音声・動作,瞬間,[耐久力]・半減,単体,目標は死霊エネルギーの大波に呑まれ、水分と活力が奪われる。8d8[死霊]、アンデッドや人造には無意味で植物系は最大値固定。,,Y,Y,Y,,Y,,,
270,フリーダム・オブ・ムーヴメント,4,防御術,1act,接触,PHB271,音声・動作・物質,1時間,,単体,同意した対象は、移動困難な地形の作用を受けず、呪文効果で麻痺や拘束状態になることもない、また物理的な拘束も5ft移動速度消費で自動脱出、水中でもペナルティなし。,,,,,Y,Y,Y,,Y
302,ポリモーフ,4,変成術,1act,90ft,PHB278,音声・動作・物質,精神集中・最大1時間,[判断力]・無効,単体,対象を新たな形態に変化させる。ＨＰや能力値は変化後の基準。,,Y,,,,Y,Y,,
331,モルデンカイネンズ・フェイスフル・ハウンド,4,召喚術,1act,30ft,PHB284,音声・動作・物質,8時間,,,おぼろげな番犬を呼び出す。100ft離れたら消える、危害を与えることはできず、不可視クリーチャーなどが30ft以内に来た時吠える。5ft以内の敵に(呪文発動能力修正値＋習熟ボーナス)で攻撃して4d8[刺突],,Y,,,,,,,
332,モルデンカイネンズ・プライベート・サンクトゥム,4,防御術,10分,120ft,PHB284,音声・動作・物質,24時間,,,5ftから100ftの立方体にセキュリティを施す。センサー設置不可とか音を通すのを不可にしたり瞬間移動不可やら色々設定可能。,,Y,,,,,,,
350,レオムンズ・シークレット・チェスト,4,召喚術,1act,接触,PHB288,音声・動作・物質,瞬間,,宝箱,宝箱をエーテル界に隠す。宝箱を1actとして呼び戻せるが、終了時にエーテル界にあれば宝箱は消滅する。,,Y,,Y,,,,,
358,ロケート・クリーチャー,4,占術,1act,自身,PHB289,音声・動作・物質,精神集中・最大1時間,,クリーチャー単体,よく知っているクリーチャー1体の名前または特徴を述べる、1000ft以内にあるなら方向がわかる・移動方向も分かる。しかしポリモーフ魔見抜けず、30ft以内で1回は見たもののみ、そして対象と君をまっすぐ結ぶ経路が水で遮られているなら感知不可能。,,Y,,,,Y,Y,Y,Y
10,アウェイクン,5,変成術,8時間,接触,PHB213,音声・動作・物質,瞬間,,,アタマの悪い野獣か植物を覚醒させるぜ！本文参照,,,,,Y,Y,Y,,
16,アニメイト・オブジェクツ,5,変成術,1act,120ft,PHB215,音声・動作,精神集中・最大1分,,物体・最大10,物体を動かすくらいだが応用が利きやすく面白い。本文参照,本文参照,Y,,,,,Y,,
22,アンティライフ・シェル,5,防御術,1act,自身,PHB217,音声・動作,精神集中・最大1時間,,半径10ft,揺らめくバリア。アンデッドと人造以外のクリーチャーがバリア内に入れなくなる。押し付ける形で移動したら解除。,,,,Y,Y,Y,,,
25,インセクト・プレイグ,5,召喚術,1act,90ft,PHB218,音声・動作・物質,精神集中・最大10分,[耐久力]・半減,半径20ft・球形,噛みつくイナゴの群れ。範囲内は軽度の隠蔽かつ移動困難な地形に変更。4d10[刺突]かつ終了時にもセーヴ判定。,１ごとに1d10,,,,Y,Y,,,
41,ウォール・オブ・ストーン,5,力術,1act,120ft,PHB221,音声・動作・物質,精神集中・最大10分,[敏捷力]・逃亡,10x10ft正方板x10枚,岩で壁を作る。結構応用が利くが、本文参照。,,Y,,,,Y,,,
44,ウォール・オブ・フォース,5,力術,1act,120ft,PHB223,音声・動作・物質,精神集中・最大10分,,10x10ft正方板x10枚,不可視の力場の壁を作る。本文参照,,Y,,,,,,,
73,カンジャー・ヴォレー,5,召喚術,1act,150ft,PHB230,音声・動作・物質,瞬間,[敏捷力]・半減,半径40ft高さ20ft・円筒形,武器を投げたり矢を射出して数百個に分け射出する。8d8[射出したものの属性],,,,,,,,,Y
75,カンジャー・エレメンタル,5,召喚術,1分,90ft,PHB230,音声・動作・物質,精神集中・最大1時間,,,精霊召喚。本文参照,本文参照,Y,,Y,,Y,,,
80,ギアス,5,心術,1分,60ft,PHB231,音声,30日,[判断力]・無効,単体,死ぬ以外の命令を与えることができる。背かれた場合１日１回5d10[精神],効果時間延長,Y,,,Y,Y,Y,Y,
84,クラウドキル,5,召喚術,1act,120ft,PHB232,音声・動作,精神集中・最大10分,[耐久力]・半減,半径20ft・球形,黄緑色の毒の霧で満たす。吹きさらすまで持続。重度の隠蔽を有し5d8[毒]。ターンごとに術者から10ftずつ離れる。,1ごとに1d8,Y,,,Y,,,,
88,クリエイション,5,幻術,1分,30ft,PHB233,音声・動作・物質,特殊,,,5ftの立方体に収まるアイテムを作り出す。持続はレア度によるが植物なら１日。ミスラルなら1分,１ごとに一辺の長さが5ft増加できる,Y,,Y,,,,,
97,グレーター・レストレーション,5,防御術,1act,接触,PHB235,音声・動作・物質,瞬間,,単体,エネルギーを巡らせ有害な効果を消す。魅了か魅了解除。能力値減少の効果の１つの解除。HP現象の解除の効果１つのどれかを解除できる。,,,,,,Y,Y,,
104,コーン・オブ・コールド,5,力術,1act,自身,PHB237,音声・動作・物質,瞬間,[耐久力]・半減,60ft・円錐形,君の両手から寒風が噴出する。8d8[冷気],1ごとに1d8,Y,,,Y,,,,
106,コミューン,5,占術・儀式,1分,自身,PHB237,音声・動作・物質,1分,,,自身の崇める神格及び代理者と交信し、然りか否かで答える質問を３個できる。神格を超えるレベルの質問は定かならずと言われ、答えが返ってこない可能性がある。,,,,Y,,,,,
107,コミューン・ウィズ・ネイチャー,5,占術・儀式,1分,自身,PHB237,音声・動作,瞬間,,,自然と一体化して周囲の地形の情報を得る。,,,,,,Y,,,Y
108,コンタクト・アザー・ブレイン,5,占術・儀式儀式,1分,自身,PHB238,音声,1分,[知力]・無効,単体,他の次元の存在との交信をする。難易度15で6d6[精神]と狂気を得る。質問は５個まで,,Y,Y,,,,,,
109,コンディション,5,死霊術,1act,接触,PHB238,音声・動作,7日,[耐久力]・無効,単体,君の手は病をもたらす。本文参照,,,,Y,,Y,,,
119,サークル・オヴ・パワー,5,防御術,1act,自身,PHB240,音声,精神集中・最大10分,,半径30ft,君の放つ信仰のエネルギーが、魔法的エネルギーを捻じ曲げて散り散りにする。敵呪文に対してセーヴに有利。セーヴ半減のダメージを全く受けないに変更。,,,,,,,,Y,
130,シーミング,5,幻術,1act,30ft,PHB242,音声・動作,８時間,[魅力]・無効,任意の数,体の構造に無理がない範囲で変装できる。触られないなら呪文セーヴに対する[知力]捜査でバレる。,,Y,,,Y,,Y,,
143,スウィフト・クウィヴァー,5,変成術,1Bact,接触,PHB244,音声・動作・物質,精神集中・最大10分,,矢筒,弓版オートローダー、矢弾が手に飛び込んでくるようになり、Bactで2回攻撃できる。,,,,,,,,,Y
144,スクライング,5,占術,10分,自身,PHB245,音声・動作・物質,,[判断力]・無効,単体,目標を水晶玉から覗き見るように見れる。本文参照,,Y,Y,Y,,Y,Y,,
177,ツリー・ストライド,5,召喚術,1act,自身,PHB251,音声・動作,精神集中・最大１分,,木,１本の木に入り込み、500ft以内の同じ種類の生きた木にテレポートできる。各ラウンド１回までで必ず自分のターンを木の外で終了すること。,,,,,,Y,,,Y
183,ディスペル・イーヴル・アンド・グッド,5,防御術,1act,自身,PHB252,音声・動作・物質,精神集中・最大１分,,,揺らめくエネルギーが君を包み込む。妖精等の物質界以外のクリーチャーの術者への攻撃ロールを不利にする。１回のアクションで間合い内のクリーチャーの物質界以外のクリーチャーによる恐怖や魅了・憑依を終了させたり、[魅了]セーヴを行わせて退散させられる。,,,,Y,,,,Y,
194,デストラクティブ・ウェイヴ,5,力術,1act,自身,PHB255,音声,瞬間,[耐久力]・半減,任意の数,波打つ神の力のエネルギーが爆発的に広がる。自身から30ft以内のクリーチャーに5d6[雷鳴]か[光輝]か[死霊]を受け、伏せ状態に、セーヴ成功で伏せ状態にならなくなる。,,,,,,,,Y,
196,テレキネシス,5,変成術,1act,60ft,PHB255,音声・動作,精神集中・最大１０分,[筋力]対抗・無効,単体,射程内の物や物体を念動力で動かせる。任意の方向に30ft移動させれることができ、筋力対抗はアクションを消費。500kgなら持ち上げられて物体を精密に操作できる。,,Y,,,Y,,,,
198,テレポーテーション・サークル,5,召喚術,1分,10ft,PHB256,音声・物質,１ラウンド,,,地面に直径10ftの魔法円を描き、形を知っている同じ魔方陣とポータルをつなげる。ギルドや主要な場所ではこのような魔法陣があり、１分くらいで覚えられる。,,Y,,,Y,,Y,,
205,ドミネイト・パースン,5,心術,1act,60ft,PHB257,音声・動作,精神集中・最大１分,[判断力]・無効,人型単体,心を惑わし魅了状態にする。戦闘中なら対象が攻撃時に攻撃相手のセーヴが有利に、おおまか命令して攻撃させたりもできる。命令されてないなら自身の身を守り、精密な動作をさせる場合術者のアクションを使う必要があり、術者のリアクションを引き換えにリアクションを消費させられる。ダメージのたびにセーヴ判定。,持続時間延長、5なら10m、6なら1h、7以上なら8h,Y,,,Y,,Y,,
209,ドリーム,5,幻術,1分,特殊,PHB258,音声・動作・物質,8時間,[判断力]・無効,眠っている対象,クリーチャーの夢を操作する。夢で会話したり操作したりできて30文字の伝言を伝えられる。敵とかならセーヴ失敗で悪夢となり3d6[精神]、対象の体の一部を持っていたらセーヴに不利を課す。,,Y,Y,,,,Y,,
219,パスウォール,5,変成術,1act,30ft,PHB261,音声・動作・物質,1時間,,,木製や石製の表面から指定した位置に通路を作る。もし呪文が終了した時点で通路にいた場合近くの場所に吐き出される。,,Y,,,,,,,
221,バニッシング・スマイト,5,防御術,1Bact,自身,PHB261,音声,精神集中・最大1分,,武器攻撃,君の武器攻撃が初めてクリーチャーにヒットした場合5d10[力場]の追加ダメージ。もしそのクリーチャーが別次元出身ならＨＰ50以下になった時点で目標を放逐する。,,,,,,,,Y,
223,ハロウ,5,力術,24時間,接触,PHB262,音声・動作・物質,解呪まで,[魅了]・無効,,君は1点に触れて最大直径60ftの範囲に力を籠める。聖なる・邪なるものはこの範囲に入れず、効果を及ぼせない。範囲内の効果は本文参照。,,,,Y,,,,,
235,ビグビーズ・ハンド,5,力術,1act,120ft,PHB264,音声・動作・物質,精神集中・最大1分,,,大型サイズの揺らめく半透明な力場性の手を1つ作る。ACは20、ＨＰは術者の最大を参照。筋力は26、敏捷力は10で60ft移動可能。各ターンに4d8[力場]かつかみ(2d6+呪文修正値)や押しやり、立ちふさがりができる。,1ごとに2d8、2d6,Y,,,,,,,
275,プレイナー・バインディング,5,防御術,1時間,60ft,PHB273,音声・動作・物質,24時間,[魅了]・無効,,1体の精霊などの対象を捕縛して言うことを聞かせる。召喚は別で考えてある程度の命令を受けてくれる。,6なら10日、7なら30日、8なら180日、9なら1年と1日,Y,,Y,,Y,Y,,
277,フレイム・ストライク,5,力術,1act,60ft,PHB274,音声・動作・物質,,[敏捷力]・半減,半径10ft高さ40ft円筒形,信仰の力を帯びた垂直な火の柱が天下る。4d6[光輝]および4d6[火]。,１ごとにいずれかを1d6,,,Y,,,,,
301,ホールド・モンスター,5,心術,1act,90ft,PHB278,音声・動作・物質,精神集中・最大1分,[判断力]・無効,クリーチャー1体,セーヴ失敗で麻痺状態に、毎ターンセーヴ。,1ごとに追加で1体,Y,Y,,Y,,Y,,
310,マス・キュア・ウーンズ,5,力術,1act,60ft,PHB280,音声・動作,瞬間,,半径30ft・球形,回復エネルギーの波を広げ、最大6体までのターゲットを（3d8+呪文発動能力修正値）回復。アンデッドや人造無効,１ごとに1d8,,,Y,,Y,Y,,
316,ミスリード,5,幻術,1act,自身,PHB280,動作,精神集中・最大1時間,,,君は不可視状態となって、立っていた場所に幻を作る。幻は移動速度2倍、Bactで感覚の切り替えが可能。,,Y,,,,,Y,,
329,モディファイ・メモリー,5,心術,1act,30ft,PHB283,音声・動作,精神集中・最大1分,[判断力]・無効,単体,記憶を改ざんしようとする。戦闘中ならセーヴに有利、魅了及び無力状態となり、24時間以内の10分の記憶を改ざんしてしまう。あまり大きな影響は与えづらいかも。一応状態異常であるため回復系が効く。,6で7日前、7で30日前、8で1年前、9で過去,Y,,,,,Y,,
338,リインカーネイト,5,変成術,1時間,接触,PHB286,音声・動作・物質,瞬間,,死体,死んだ人型生物に触れて転生させる。新しい肉体に移る表は本文参照。,,,,,,Y,,,
344,レアリーズ・テレパシック・ボンド,5,占術・儀式,1act,30ft,PHB287,音声・動作・物質,1時間,,最大8体,選んだ対象を精神的につなぎ合わせる。[知力]が２なら効果がないが、テレパシーで言語が違っても意思疎通できる。他次元に対しては届かない。,,Y,,,,,,,
348,レイズ・デッド,5,死霊術,1時間,接触,PHB287,音声・動作・物質,瞬間,,単体,死後10日以内の対象をHP1で蘇生させる。内臓とか重要部位が失われていたら失敗し、死からの復活には苦難が伴い、あらゆるロールにー4のペナルティ。大休憩ごとに軽減。,,,,Y,,,Y,Y,
352,レジェンド・ローア,5,占術,10分,自身,PHB288,音声・動作・物質,瞬間,,,１つの場所、人物、物体の名前または特徴を述べる。伝承や色々な背景情報など得られるが、比喩を多用して伝えられたりするケースがある。,,Y,,Y,,,Y,,
2,アーケイン・アイ・ゲート,6,召喚術,1act,500ft,PHB212,音声・動作,精神集中・最大10分,,地面,10ft以内の1点と500ft以内の1点を選び転移門を作る。入る向きは1Bactで変化可能。,,Y,Y,,Y,,,,
9,アイバイト,6,死霊術,1act,自身,PHB213,音声・動作,精神集中・最大1分,[判断力]・無効,単体,60ft以内のクリーチャーに対して魔眼を発動。各ターンごとに1体ずつ追加可能。効果は本文参照,,Y,Y,,Y,,Y,,
34,ウィンド・ウォーク,6,変成術,1分,30ft,PHB220,音声・動作・物質,8時間,,自身含む最大10体,早足と300ft移動できる雲に変化。元に戻るのに1分かかる。,,,,,,Y,,,
40,ウォール・オブ・アイス,6,力術,1act,120ft,PHB221,音声・動作・物質,精神集中・最大10分,[敏捷力]・半減,半径10ft・球形,氷の壁を作る。10d6の[氷]と押し出し。本文参照,1ごとに2d6,Y,,,,,,,
42,ウォール・オブ・ソーンズ,6,召喚術,1act,120ft,PHB223,音声・動作・物質,精神集中・最大10分,[敏捷力]・半減,長さ60ft・高さ10ft・厚さ5ft,いばらの絡み合う頑丈な壁を召喚。7d8[刺突]。通れるがセーヴが必要で失敗で7d8[斬撃]。移動に倍の移動消費。,１ごとに全部1d8,,,,,Y,,,
59,オットーズ・イレジスティブル・ダンス,6,心術,1act,30ft,PHB226,音声,精神集中・最大1分,[判断力]・無効,単体,効果時間中タップダンスを踊り移動速度を０に、魅了耐性の場合は無効。踊ってる間[敏捷力]と攻撃ロールに不利を得る。,,Y,,,,,Y,,
60,オティルークス・フリージング・スピアー,6,力術,1act,300ft,PHB226,音声・動作・物質,瞬間,[耐久力]・半減,半径60ft・球形,凍てつき爆発する冷気の球体を飛ばす。10d6[冷気]使い道は本文参照。,１ごとに1d6,Y,,,,,,,
63,ガーズ・アンド・ウォーズ,6,防御術,10分,接触,PHB227,音声・動作・物質,24時間,,,ほぼDMというかダンジョンの支配者が使う奴にしか思えない。本文参照,,Y,,,,,Y,,
78,カンジャー・フェイ,6,召喚術,1分,90ft,PHB231,音声・動作,精神集中・最大1時間,,,妖精召喚。本文参照,本文参照,,Y,,,Y,,,
89,クリエイト・アンデッド,6,死霊術,1分,10ft,PHB234,音声・動作・物質,瞬間,,最大３体の死体,アンデッドを作る。本文参照,本文参照,Y,Y,Y,,,,,
98,グローブ・オヴ・インヴァルナラビリティ,6,防御術,1act,自身,PHB235,音声・動作・物質,精神集中・最大1分,,半径10ft・球形,かすかに揺らめく障壁で身を包む。発動したレベル以下の呪文を通さない。,１ごとに通さない呪文レベルが１増える。,Y,,,Y,,,,
111,コンティンジェンシィ,6,力術,10分,自身,PHB238,音声・動作・物質,10日,,彫像,特定の状況を指定して呪文を刻み込む５レベル以下の呪文を封じ込める。（使用スロットは２個分）,,Y,,,,,,,
118,サークル・オヴ・デス,6,死霊術,1act,450ft,PHB240,音声・動作・物質,瞬間,[耐久力]・半減,半径60ft・球形,死霊のエネルギーの波が埋め尽くす。8d6[死霊],１ごとに2d6,Y,Y,,Y,,,,
127,サンビーム,6,力術,1act,自身,PHB241,音声・動作・物質,精神集中・最大１分,[耐久力]・半減無効,幅5ft長さ60ft・直線,手から光のビームを放つ。6d8[光輝]と盲目。精神集中はアクションで撃てる。アンデットとウーズは不利を得る。,,Y,,,Y,Y,,,
173,チェイン・ライトニング,6,力術,1act,45ft,PHB250,音声・動作・物質,瞬間,[敏捷力]・半減,単体,１条の電撃・単体に対してはなった電撃が30ft以内の3体に分かれて飛ぶ。10d8[電撃],１ごとに分割数１増加,Y,,,Y,,,,
181,ディスインテグレイト,6,変成術,1act,60ft,PHB251,音声・動作・物質,瞬間,[敏捷力]・無効,単体,人差し指から細い緑の光線を放つ。目標は何でもいい。10d6+40[力場]ダメージでhp0で目標を分解。生物は塵と化し、トゥルー・リザレクションやウィッシュ以外での蘇生が不可になる。無機物は大型以下なら自動分解。超大型なら一部分だけ分解。,１ごとに3d6,Y,,,Y,,,,
201,トゥルー・シーイング,6,占術,1act,接触,PHB257,音声・動作・物質,１時間,,単体,同意した対象に真の姿を見抜く能力を与える。魔法で隠されたものが見えたり、エーテル界の物が見える。視界効果範囲は120ft。,,Y,Y,Y,Y,,Y,,
208,トランスポート・ヴァイア・プランツ,6,召喚術,1act,10ft,PHB258,音声・動作,1ラウンド,,植物,射程内の大型サイズ以上の植物1つと同じ次元界見たことある植物を結ぶ。持続時間中はそれを通じて好きにテレポートできる,,,,,,Y,,,
211,ドローミジズ・インスタント・サモンズ,6,召喚術・儀式,1分,接触,PHB259,音声・動作・物質,解呪まで,,,5kg以下の6ft以下の物体を使い捨てのモンスターボール（サファイア）に入れ持ち運ぶ。,,Y,,,,,,,
217,ハーム,6,死霊術,1act,60ft,PHB260,音声・動作,瞬間,[耐久力]・半減,単体,致命的な病気を解き放つ。14d6[死霊]この呪文でＨＰが0になることはないが、この呪文でセーヴ失敗してから1時間は受けたダメージ分減少していく。治療したら減った分は戻る。,,,,Y,,,,,
233,ヒール,6,力術,1act,60ft,PHB263,音声・動作,瞬間,,単体,体内を正のエネルギーの大波が洗い、70hp回復する。病気や盲目・聴覚喪失を終了させる。なお人造やアンデットは無効。,１ごとに10,,,Y,,Y,,,
234,ヒーローズ・フィースト,6,召喚術,10分,30ft,PHB264,音声・動作・物質,瞬間,,,贅沢な食べ物や飲み物を出して素晴らしい宴を開く。食べ終えるには1時間必要で12体まで参加可能。参加者は、すべての病気や毒が抜け、毒と恐怖状態に対する完全耐性、[判断力]セーヴに有利を得て最大HPが2d10増える、24時間継続。,,,,Y,,Y,,,
244,ファインド・ザ・パス,6,占術,1分,自身,PHB266,音声・動作・物質,精神集中・最大1日,,,同じ次元内のかつ自分の知っていて不動の目的地への最も近い物理的な近道がわかるようになる。,,,,Y,,Y,Y,,
260,フォービダンス,6,防御術・儀式,10分,接触,PHB269,音声・動作・物質,1日,,,40000平方ft以内かつ30ft以内の高さを魔法的な移動手段から護る防御結界を張る。任意のクリーチャーが入った場合、5d10の[光輝]または[死霊術]を与えることができ、合言葉を設定できる,,,,Y,,,,,
274,プレイナー・アライ,6,召喚術,10分,60ft,PHB273,音声・動作,瞬間,,,異界の存在に助力を乞う。その存在は君が知っている神格や宇宙的な力を持つ存在でなければならない。その存在は自身に忠実なしもべを遣わすが、どのしもべが来るかわからない。そしてしもべをコントロールできるわけでなく交渉が必要。対価はどのようになるかわからない。,,,,Y,,,,,
282,ブレード・バリアー,6,力術,1act,90ft,PHB275,音声・動作,精神集中・最大10分,[敏捷力]・半減,長さ100ft高さ20ft厚さ5ft,無数の鋭利な刃からなる壁を作り出す。壁は3/4遮蔽を提供し、範囲内に入った時に斬撃[6d10],,,,Y,,,,,
285,フレッシュ・トゥ・ストーン,6,変成術,1act,60ft,PHB275,音声・動作・物質,精神集中・最大1分,[耐久力]・無効,単体,目標を石化させる。セーヴ3回失敗で効果時間中は石化してしまい、それ以外では高速状態となる。,,Y,Y,,,,,,
287,プログラムド・イリュージョン,6,幻術,1act,120ft,PHB275,音声・動作・物質,解呪まで,,,幻を1つ設置し、どのように動くかとかを設定できる。最長5分の動きを設定できて、10分不活性となる。[知力][捜査]で見抜かれる。,,Y,,,,,Y,,
307,マジック・ジャー,6,死霊術,1分,自身,PHB279,音声・動作・物質,解呪まで,[魅了]・無効,,自身の魂を容器の中に宿す。移動不可でリアクション不可、アクションで相手にとりつくことができるが、自身の特徴しか使えず、失敗したら24時間憑けない。30ft以上容器から離れたら死ぬ。,,Y,,,,,,,
311,マス・サジェスチョン,6,心術,1act,60ft,PHB280,音声・物質,24時間,[判断力]・無効,12体,１か2文くらいで表せる行動を示唆する。魅了耐性持ちには無理だが、合理的な行動しかとらせられず、危害を加えるのは無理。ダメージで解除,7で10日、8で30日、9で1年,Y,Y,,Y,,Y,,
319,ムーヴ・アース,6,変成術,1act,120ft,PHB281,音声・動作・物質,精神集中・最大2時間,,40ft正方形,範囲内の土と砂と粘土の形状を自由に変える。でかいと10分くらいかかり、10分ごとに影響範囲を変えたりも可能。崩壊注意,,Y,,,Y,Y,,,
360,ワード・オヴ・リコール,6,召喚術,1act,5ft,PHB289,音声,瞬間,,最大5体,5ft以内にいる同意した対象は事前に決めた聖域へ瞬間移動する。事前に寺院や自身の神格と強く結びついた場所で呪文を発動すると聖域として登録できる。,,,,Y,,,,,
23,イセリアルネス,7,変成術,1act,自身,PHB217,音声・動作,最大8時間,,,エーテル化、幽体離脱して探索する。,8以上なら追加で3体,Y,Y,Y,Y,,Y,,
76,カンジャー・セレスチャル,7,召喚術,1分,90ft,PHB230,音声・動作,精神集中・最大1時間,,,天使召喚。本文参照,本文参照,,,Y,,,,,
135,シクウェスター,7,変成術,1act,接触,PHB243,音声・動作・物質,解呪まで,,単体,同意する目標を不可視にして時間を停止する。ダメージを受けるか条件設定で解除。,,Y,,,,,,,
136,シミュレイクラム,7,幻術,12時間,接触,PHB243,音声・動作・物質,解呪まで,,単体,幻の複製を１つ作る。ほとんど本物であり、HPがもとの半分であり、装備以外は一緒で攻撃も可能。,,Y,,,,,,,
142,シンボル,7,防御術,1分,接触,PHB244,音声・動作・物質,解呪・作動まで,,何かの表面,秘文を設置する。条件を細かく指定可能、効果はデバフ付与が多め。本文参照。,,Y,,Y,,,Y,,
179,ディヴァイン・ワード,7,力術,1Bact,30ft,PHB251,音声,瞬間,[魅了]・無効,任意の数,世界を形作った力を込めた神の言葉を語る。現在のHPで効果が変わり50以下の時1m聴覚喪失。40以下の時10m延長と盲目状態。30以下の時1h延長と朦朧状態。20以下は即死。精霊系は２４時間消滅。,,,,Y,,,,,
192,ディレイド・ブラスト・ファイアーボール,7,力術,1act,150ft,PHB253,音声・動作・物質,精神集中・最大１分,[敏捷力]・半減,半径20ft・球形,君の人差し指から黄色い光線が走る。君の選択した１点に凝り固まって輝く小さな球として留まり、呪文が終了すると炸裂。ダメージは12d6[火]+(持続ラウンド)d6ダメージ。触れてもセーヴ失敗で爆発。セーヴ成功で40ft投擲可能。,１ごとに1d6,Y,,,Y,,,,
199,テレポート,7,召喚術,1act,10ft,PHB256,音声,瞬間,,最大８体,同意したクリーチャーか１個の物体を知っている場所にテレポートさせる。本文の精通度表参照。,,Y,,,Y,,Y,,
241,ファイアー・ストーム,7,力術,1act,150ft,PHB265,音声・動作,瞬間,[敏捷力]・半減,10ft立方体・10個,選択した場所に轟音をあげる火の嵐を起こす。7d10[火],,,,Y,Y,Y,,,
254,フィンガー・オブ・デス,7,死霊術,1act,60ft,PHB268,音声・動作,瞬間,[耐久力]・半減,単体,負のエネルギーを流し込み、(7d8+30)[死霊]。死んだらゾンビにできる。,,Y,Y,,Y,,,,
259,フォースケイジ,7,力術,1act,100ft,PHB269,音声・動作・物質,1時間,,,20ft立方体の格子状の牢獄か10ft立方体の箱型牢獄を作る。箱型の場合、呪文を外に出せない。瞬間移動や次元移動によって移動する場合、[魅了]セーヴが必須となり、ディスペルマジックでも解呪不可能。,,Y,Y,,,,Y,,
272,プリズマティック・スプレー,7,力術,1act,自身,PHB271,音声・動作,瞬間,[敏捷力]・半減,60ft・円錐形,7色から成る光線を8本同時に放つ。最大160d6、本文参照,,Y,,,Y,,,,
280,プレイン・シフト,7,召喚術,1act,接触,PHB274,音声・動作・物質,瞬間,[魅力]・無効,最大8体,同意する対象は他の次元界へと運ばれる。大まかに指定できるが、どこにつくかはわからない。ほかの次元界にある瞬間移動の魔法陣を指定できる。攻撃に使うなら、近接呪文攻撃で敵を他の次元界に追放できる。,,Y,Y,Y,Y,Y,,,
288,プロジェクト・イメージ,7,幻術,1act,500mile,PHB276,音声・動作・物質,精神集中・最大1日,,,自身の幻の複製を作り出す。幻影はダメージを受けると消える。アクションを使って移動速度の2倍で動かし話したりできる。目を通して物を見たりもできて、Bactで切り替え可能、[知力][捜査]で見抜かれる。,,Y,,,,,Y,,
318,ミラージュ・アーケイン,7,幻術,10分,視界,PHB281,音声・動作,10日,,1mile正方形,指定された範囲を他の地形のように見せかける。蜃気楼みたいなもん。,,Y,,,,Y,Y,,
330,モルデンカイネンズ・ソード,7,力術,1act,60ft,PHB283,音声・動作・物質,精神集中・最大1分,,,浮かぶ剣の形をした力場を作る。剣から5ft以内の目標を1体選んで近接呪文攻撃、3d10[力場]。毎ターンBactで20ft移動させて攻撃できる,,Y,,,,,Y,,
333,モルデンカイネンズ・マグニフィセント・マンション,7,召喚術,1分,300ft,PHB285,音声・動作・物質,24時間,,,異次元空間の邸宅を召喚する。入り口は閉じると不可視状態に、使用人もいる。,,Y,,,,,Y,,
339,リヴァース・グラヴィティ,7,変成術,1act,30ft,PHB286,音声・動作・物質,精神集中・最大1分,[敏捷力]・無効,半径50ft高さ100ft円筒形,重力を反転させる。範囲内では浮かび続ける。,,Y,,,Y,Y,,,
341,リザレクション,7,死霊術,1時間,接触,PHB286,音声・動作・物質,瞬間,,死体,死後100年以内の死体をフルHPでよみがえらせる。老衰だと無駄、死からの復活には苦難が伴い、あらゆるロールにー4のペナルティ。大休憩ごとに軽減。1年以上前の死体の場合、術者に大休憩まですべて不利を課す。,,,,Y,,,Y,,
342,リジェネレイト,7,変成術,1分,接触,PHB286,音声・動作・物質,1時間,,単体,自然治癒能力を活性化させる。目標は即座に4d8+15回復しターンごとに1回復する。欠損部位は2分で回復でき、接合させた場合は瞬間で治る。,,,,Y,,Y,Y,,
4,アースクウェイク,8,力術,1act,500ft,PHB212,音声・動作・物質,精神集中・最大1分,本文参照,地面・円形100ft,地震を引き起こす。本文参照,,,,Y,Y,Y,,,
13,アニマル・シェイプス,8,変成術,1act,30ft,PHB214,音声・動作,精神集中・最大24時間,,任意の数,脅威度4以下の野獣に変化。本文参照,,,,,,Y,,,
20,アンティパシー/シンパシー,8,心術,1時間,60ft,PHB216,音声・動作・物質,10日,[判断力]・無効,本文参照,相手に共感か反感を得る。本文参照,,Y,,,,Y,,,
21,アンティマジック・フィールド,8,防御術,1act,自身,PHB216,音声・動作・物質,精神集中・最大1時間,,半径10ft・球形,範囲内ではすべての魔法が打ち消される。簡単に言えば魔法でダメージを与えることは不可能になり、アイテムの魔法効果も消える。魔法クリーチャーもついでに消える。,,Y,,Y,,,,,
26,インセンディエリ・クラウド,8,召喚術,1act,150ft,PHB218,音声・動作,精神集中・最大1分,[敏捷力]・半減,半径20ft・球形,白熱した熾火から湧き出す濃い炎で満たす。範囲内を重度の隠蔽に変更。10d8[炎]かつターン終了時にもセーヴ判定。各ターン術者から10ft離れる。,,Y,,,Y,,,,
93,グリブネス,8,変成術,1act,自身,PHB235,音声,1時間,,,魅了判定を行う際にダイスの目を１５に置き換える。この呪文で嘘をついてもわかることはない。,,,Y,,,,Y,,
99,クローン,8,死霊術,1時間,接触,PHB236,音声・動作・物質,瞬間,,単体,魂のないクローンを作る。複製元が死んだらクローンに魂が移る。,,Y,,,,,,,
112,コントロール・ウェザー,8,変成術,10分,自身,PHB238,音声・動作・物質,精神集中・最大8時間,,半径5mile,天候を制御し変更する。本文参照,,Y,,Y,,Y,,,
126,サンバースト,8,力術,1act,150ft,PHB241,音声・動作・物質,瞬間,[耐久力]・半減無効,半径60ft,眩い太陽の力が炸裂する。12d6[光輝]と１分の盲目、ターンごとにセーヴ。暗闇を消し去る。,,Y,,,Y,Y,,,
176,ツナミ,8,召喚術,1分,視界,PHB250,音声・動作,精神集中・最大４ラウンド,[筋力]・半減,長さ300ft高さ300ft厚さ15ft,壁扱いのツナミを発生させる。6d10[殴打]。出現後各ターン開始時に壁中のクリーチャーを15ft押し出し、筋力セーヴで5d10[殴打]毎ターン高さ50ft減少ダメージ1d10減少。筋力セーヴで泳げる。壁から出たら伏せ状態。,,,,,,Y,,,
195,デミプレイン,8,召喚術,1act,60ft,PHB255,動作,１時間,,,しっかりとした地面の上に扉を作る。扉のサイズは中型クリーチャーが通れる程度で、扉の中は木か石製の縦横30ftの部屋である。もう一度発動する時に新しく作るか以前の部屋にするか選択できる。脱出手段はよく考えること。,,Y,Y,,,,,,
197,テレパシー,8,力術,1act,無制限,PHB255,音声・動作・物質,２４時間,,単体,君をよく知っている同意したクリーチャーとテレパシー接続をつなぐ。[知力]１以上なら君の言葉や感覚的情報を理解できる。同じ次元限定。,,Y,,,,,,,
207,ドミネイト・モンスター,8,心術,1act,60ft,PHB258,音声・動作,精神集中・最大１分,[判断力]・無効,単体,心を惑わし魅了状態にする。戦闘中なら対象が攻撃時に攻撃相手のセーヴが有利に、おおまか命令して攻撃させたりもできる。命令されてないなら自身の身を守り、精密な動作をさせる場合術者のアクションを使う必要があり、術者のリアクションを引き換えにリアクションを消費させられる。ダメージのたびにセーヴ判定。,持続時間延長、9なら8h,Y,Y,,Y,,Y,,
225,パワー・ワード・スタン,8,心術,1act,60ft,PHB262,音声,瞬間,[耐久力],単体,力の言葉を発し、1体の精神を圧倒し呆然自失に追い込む、ＨＰが150以下なら朦朧状態になる。朦朧状態は自身のターン終了時にセーヴ。,,Y,Y,,Y,,Y,,
253,フィーブルマインド,8,心術,1act,150ft,PHB268,音声・動作・物質,瞬間,[知力]・無効,単体,精神と知性と人格を破壊する、4d6[精神]を強制で受けた後セーヴ。セーヴ失敗で[知力]と[魅力]を１にする。,,Y,Y,,,Y,Y,,
299,ホーリィ・オーラ,8,防御術,1act,自身,PHB277,音声・動作・物質,精神集中・最大1分,[耐久力]・無効,半径30ft,君の体は聖なる輝きで周りを満たす。範囲内の見方はセーヴに有利を得て、アンデッドや悪魔などは攻撃が不利となり、攻撃を食らった際にセーヴ失敗で盲目状態となる。,,,,Y,,,,,
304,マインド・ブランク,8,防御術,1act,接触,PHB278,音声・動作,24時間,,単体,同意した対象は[精神]ダメージ、魅了、占術、思考登頂に対し完全耐性を得る。神格レベルの呪文でさえ防ぐ。,,Y,,,,,Y,,
323,メイズ,8,召喚術,1act,60ft,PHB282,音声・動作,精神集中・最大10分,[知力]・無効,単体,目標を迷路じみた次元界に追放。Actで難易度20[知力]成功で戻る。,,Y,,,,,,,
12,アストラル・プロジェクション,9,死霊術,1時間,10ft,PHB214,音声・動作・物質,特殊,,本文参照,別シナリオスタート。本文参照,,Y,Y,Y,,,,,
28,インプリズンメント,9,防御術,1分,30ft,PHB218,音声・動作・物質,解呪まで,[判断力]・永続無効,単体,獄門疆の上位互換。瀕死の対象に対して使う想定で色々なタイプの封印が可能。本文参照,,Y,Y,,,,,,
30,ウィアード,9,幻術,1act,120ft,PHB219,音声・動作,精神集中・最大1分,[判断力]・無効,半径30ft・球形,最悪の恐怖を引きずり出す。恐怖状態になり、ターン終了時にセーヴして失敗で4d10[精神],,Y,,,,,,,
32,ウィッシュ,9,召喚術,1act,自身,PHB220,音声,瞬間,,,死すべき者たちが単体唱えられる最強の呪文、これ以上の呪文は神格レベルしか持たず、どのような代償になれどほとんどの願いをかなえられる。二度と唱えられなくなるかもしれない,,Y,,,Y,,,,
101,ゲート,9,召喚術,1act,60ft,PHB236,音声・動作・物質,精神集中・最大1分,,,別次元へのポータルを開く。,,Y,,Y,Y,,,,
133,シェイプチェンジ,9,変成術,1act,自身,PHB242,音声・動作・物質,精神集中・最大１時間,,,自身のレベル以下の脅威度以下のクリーチャーになる。本文参照,,Y,,,,Y,,,
148,ストーム・オヴ・ヴェンジャンス,9,召喚術,1act,視界,PHB245,音声・動作,精神集中・最大1分,[耐久力]・無効,半径360ft,激しい積乱雲を発生させる。2d6[雷鳴]、5分間聴覚喪失。あとは本文参照,,,,,,Y,,,
170,タイム・ストップ,9,変成術,1act,自身,PHB250,音声,瞬間,,時間,1d4+1ターン時間を止める。君以外の他者や物品に影響を及ぼした時点で終了。,,Y,,,Y,,,,
203,トゥルー・ポリモーフ,9,変成術,1act,30ft,PHB257,音声・動作・物質,精神集中・最大１時間,[判断力]・無効,単体,死んだ奴は対象にできないが、クリーチャーを色々なものに変化させられる。目標の脅威度以下のクリーチャーに変化したり物体にしたり。HPは変化後を参照するが、ダメージは変化前にも伝わる。,,Y,Y,,,,Y,,
204,トゥル－・リザレクション,9,死霊術,1act,60ft,PHB257,音声・動作・物質,瞬間,,死体,死後２００年以内の同意したクリーチャーを蘇生させる。ＨＰは完全状態で呪いや及ぼしてた効果も消し去り、アンデッドであろうが蘇生する。死体がない場合、10ft以内の空き場所に出現させる。,,,,Y,,Y,,,
224,パワー・ワード・キル,9,心術,1act,60ft,PHB262,音声,瞬間,,単体,HPが100以下なら即死する。,,Y,Y,,Y,,Y,,
226,パワー・ワード・ヒール,9,力術,1act,接触,PHB262,音声・動作,瞬間,,単体,君が触れた1体のクリーチャーを回復エネルギーの大波が包み込む。目標はすべてのＨＰを回復し。伏せ状態以外を回復。伏せ状態ならリアクションを使い立ち上がれるが人造クリーチャーには効果がない。,,,,,,,Y,,
258,フォアサイト,9,占術,1分,接触,PHB269,音声・動作・物質,8時間,,単体,直近の未来をある程度見通す。対象は不意を討たれることがなくなり、すべてのロールを有利に、他クリーチャーの攻撃を不利にする。ただしもう一度発動すると効果が切れる。,,Y,Y,,,Y,Y,,
271,プリズマティック・ウォール,9,防御術,1act,60ft,PHB271,音声・動作,10分,[耐久力]・無効,長さ90ft高さ30ft厚さ1inch,7色から成る様々な効果の垂直の壁を作る。本文参照,,Y,,,,,,,
313,マス・ヒール,9,力術,1act,60ft,PHB280,音声・動作,瞬間,,任意の数,君から流れ出す回復エネルギーの奔流が傷ついたものに流れる。700ポイント分を振り分けて回復する。病気や状態異常も終了、アンデッドや人造は無駄。,,,,Y,,,,,
314,ミーティア・スウォーム,9,力術,1act,1mile,PHB280,音声・動作,瞬間,[敏捷力]・半減,半径40ft・球形,4点に燃え盛る火球が降ってくる。20d6[火]＋20d6[殴打]、爆発の作用は1回のみ。,,Y,,,Y,,,,
361,,,,,,,,,,,,,,,,,,,,
362,,,,,,,,,,,,,,,,,,,,
363,,,,,,,,,,,,,,,,,,,,
364,,,,,,,,,,,,,,,,,,,,
365,,,,,,,,,,,,,,,,,,,,
366,,,,,,,,,,,,,,,,,,,,
367,,,,,,,,,,,,,,,,,,,,
368,,,,,,,,,,,,,,,,,,,,
369,,,,,,,,,,,,,,,,,,,,
370,,,,,,,,,,,,,,,,,,,,
371,,,,,,,,,,,,,,,,,,,,
372,,,,,,,,,,,,,,,,,,,,
373,,,,,,,,,,,,,,,,,,,,
374,,,,,,,,,,,,,,,,,,,,
375,,,,,,,,,,,,,,,,,,,,
376,,,,,,,,,,,,,,,,,,,,
377,,,,,,,,,,,,,,,,,,,,
378,,,,,,,,,,,,,,,,,,,,
379,,,,,,,,,,,,,,,,,,,,
380,,,,,,,,,,,,,,,,,,,,
381,,,,,,,,,,,,,,,,,,,,
382,,,,,,,,,,,,,,,,,,,,
383,,,,,,,,,,,,,,,,,,,,
384,,,,,,,,,,,,,,,,,,,,
385,,,,,,,,,,,,,,,,,,,,
386,,,,,,,,,,,,,,,,,,,,
387,,,,,,,,,,,,,,,,,,,,
388,,,,,,,,,,,,,,,,,,,,
389,,,,,,,,,,,,,,,,,,,,
390,,,,,,,,,,,,,,,,,,,,
391,,,,,,,,,,,,,,,,,,,,
392,,,,,,,,,,,,,,,,,,,,
393,,,,,,,,,,,,,,,,,,,,
394,,,,,,,,,,,,,,,,,,,,
395,,,,,,,,,,,,,,,,,,,,
396,,,,,,,,,,,,,,,,,,,,
397,,,,,,,,,,,,,,,,,,,,
398,,,,,,,,,,,,,,,,,,,,
399,,,,,,,,,,,,,,,,,,,,
400,,,,,,,,,,,,,,,,,,,,
401,,,,,,,,,,,,,,,,,,,,
402,,,,,,,,,,,,,,,,,,,,
403,,,,,,,,,,,,,,,,,,,,
404,,,,,,,,,,,,,,,,,,,,
405,,,,,,,,,,,,,,,,,,,,
406,,,,,,,,,,,,,,,,,,,,
407,,,,,,,,,,,,,,,,,,,,
408,,,,,,,,,,,,,,,,,,,,
409,,,,,,,,,,,,,,,,,,,,
410,,,,,,,,,,,,,,,,,,,,
411,,,,,,,,,,,,,,,,,,,,
412,,,,,,,,,,,,,,,,,,,,
413,,,,,,,,,,,,,,,,,,,,
414,,,,,,,,,,,,,,,,,,,,
415,,,,,,,,,,,,,,,,,,,,
416,,,,,,,,,,,,,,,,,,,,
417,,,,,,,,,,,,,,,,,,,,
418,,,,,,,,,,,,,,,,,,,,
419,,,,,,,,,,,,,,,,,,,,
420,,,,,,,,,,,,,,,,,,,,
421,,,,,,,,,,,,,,,,,,,,
422,,,,,,,,,,,,,,,,,,,,
423,,,,,,,,,,,,,,,,,,,,
424,,,,,,,,,,,,,,,,,,,,
425,,,,,,,,,,,,,,,,,,,,
426,,,,,,,,,,,,,,,,,,,,
427,,,,,,,,,,,,,,,,,,,,
428,,,,,,,,,,,,,,,,,,,,
429,,,,,,,,,,,,,,,,,,,,
430,,,,,,,,,,,,,,,,,,,,
431,,,,,,,,,,,,,,,,,,,,
432,,,,,,,,,,,,,,,,,,,,
433,,,,,,,,,,,,,,,,,,,,
434,,,,,,,,,,,,,,,,,,,,
435,,,,,,,,,,,,,,,,,,,,
436,,,,,,,,,,,,,,,,,,,,
437,,,,,,,,,,,,,,,,,,,,
438,,,,,,,,,,,,,,,,,,,,
439,,,,,,,,,,,,,,,,,,,,
440,,,,,,,,,,,,,,,,,,,,
441,,,,,,,,,,,,,,,,,,,,
442,,,,,,,,,,,,,,,,,,,,
443,,,,,,,,,,,,,,,,,,,,
444,,,,,,,,,,,,,,,,,,,,
445,,,,,,,,,,,,,,,,,,,,
446,,,,,,,,,,,,,,,,,,,,
447,,,,,,,,,,,,,,,,,,,,
448,,,,,,,,,,,,,,,,,,,,
449,,,,,,,,,,,,,,,,,,,,
450,,,,,,,,,,,,,,,,,,,,
451,,,,,,,,,,,,,,,,,,,,
452,,,,,,,,,,,,,,,,,,,,
453,,,,,,,,,,,,,,,,,,,,
454,,,,,,,,,,,,,,,,,,,,
455,,,,,,,,,,,,,,,,,,,,
456,,,,,,,,,,,,,,,,,,,,
457,,,,,,,,,,,,,,,,,,,,
458,,,,,,,,,,,,,,,,,,,,
459,,,,,,,,,,,,,,,,,,,,
460,,,,,,,,,,,,,,,,,,,,
461,,,,,,,,,,,,,,,,,,,,
462,,,,,,,,,,,,,,,,,,,,
463,,,,,,,,,,,,,,,,,,,,
464,,,,,,,,,,,,,,,,,,,,
465,,,,,,,,,,,,,,,,,,,,
466,,,,,,,,,,,,,,,,,,,,
467,,,,,,,,,,,,,,,,,,,,
468,,,,,,,,,,,,,,,,,,,,
469,,,,,,,,,,,,,,,,,,,,
470,,,,,,,,,,,,,,,,,,,,
471,,,,,,,,,,,,,,,,,,,,
472,,,,,,,,,,,,,,,,,,,,
473,,,,,,,,,,,,,,,,,,,,
474,,,,,,,,,,,,,,,,,,,,
475,,,,,,,,,,,,,,,,,,,,
476,,,,,,,,,,,,,,,,,,,,
477,,,,,,,,,,,,,,,,,,,,
478,,,,,,,,,,,,,,,,,,,,
479,,,,,,,,,,,,,,,,,,,,
